position	largest_deviation_A	counts_as_moving
31	21.41	yes
32	18.61	yes
33	24.33	yes
34	28.68	yes
35	23.58	yes
36	21.08	yes
37	28.29	yes
38	29.37	yes
39	26.96	yes
40	29.83	yes
41	27.15	yes
42	32.62	yes
43	35.94	yes
44	36.16	yes
45	28.74	yes
46	23.74	yes
47	16.44	no
48	9.93	no
49	10.74	no
50	14.81	no
51	22.3	yes
52	27.57	yes
53	25.02	yes
54	26.52	yes
55	13.17	no
56	16.26	no
57	20.96	yes
58	25.76	yes
59	24.42	yes
60	31.6	yes
61	36.44	yes
62	40.91	yes
63	46.69	yes
64	50.69	yes
65	50.24	yes
66	48.29	yes
67	49.4	yes
68	45.23	yes
69	47.47	yes
70	45.99	yes
71	40.5	yes
72	40.88	yes
73	37.04	yes
74	39.5	yes
75	40.32	yes
76	41.39	yes
77	45.71	yes
78	40.85	yes
79	39.59	yes
80	42.66	yes
81	40.52	yes
82	34.2	yes
83	31.75	yes
84	36.54	yes
85	43.44	yes
86	46.6	yes
87	53.88	yes
88	54.49	yes
89	60.86	yes
90	57.12	yes
91	53.11	yes
92	55.21	yes
93	51.57	yes
94	54.46	yes
95	51.93	yes
96	55.88	yes
97	55.92	yes
98	59.95	yes
99	62.93	yes
100	65.58	yes
101	64.31	yes
102	67.01	yes
103	65.13	yes
104	58.63	yes
105	57.82	yes
106	57.32	yes
107	54.06	yes
108	57.83	yes
109	55.63	yes
110	58.93	yes
111	57.65	yes
112	59.29	yes
113	53.86	yes
114	56.81	yes
115	57.68	yes
116	53.95	yes
117	59.95	yes
118	62.15	yes
119	55.64	yes
120	58.24	yes
121	56.0	yes
122	60.35	yes
123	55.66	yes
124	58.73	yes
125	55.33	yes
126	61.96	yes
127	65.79	yes
128	68.61	yes
129	74.38	yes
130	70.76	yes
131	73.28	yes
132	72.15	yes
133	71.6	yes
134	66.78	yes
135	70.93	yes
136	77.46	yes
137	81.34	yes
138	83.09	yes
139	84.6	yes
140	80.05	yes
141	76.88	yes
142	81.49	yes
143	75.98	yes
144	74.95	yes
145	76.83	yes
146	74.05	yes
147	71.77	yes
148	65.16	yes
149	59.03	yes
150	57.23	yes
151	62.3	yes
152	60.75	yes
153	59.31	yes
154	53.27	yes
155	53.36	yes
156	48.03	yes
157	47.49	yes
158	43.26	yes
159	39.46	yes
160	34.22	yes
161	29.21	yes
162	41.86	yes
163	29.72	yes
164	42.85	yes
165	41.5	yes
166	42.74	yes
167	38.6	yes
168	40.92	yes
169	37.85	yes
170	39.68	yes
171	42.23	yes
172	38.47	yes
173	41.22	yes
174	37.84	yes
175	41.93	yes
176	38.94	yes
177	44.53	yes
178	45.38	yes
179	42.52	yes
180	37.75	yes
181	40.57	yes
182	38.34	yes
183	43.24	yes
184	43.32	yes
185	48.89	yes
186	50.4	yes
187	52.54	yes
188	47.5	yes
189	48.34	yes
190	48.29	yes
191	50.28	yes
192	48.14	yes
193	52.63	yes
194	52.28	yes
195	59.16	yes
196	56.03	yes
197	53.5	yes
198	51.34	yes
199	43.91	yes
200	37.77	yes
201	34.14	yes
202	27.47	yes
203	43.92	yes
204	45.63	yes
205	39.43	yes
206	40.32	yes
207	35.16	yes
208	37.4	yes
209	31.58	yes
210	25.26	yes
211	18.67	yes
212	11.31	no
213	6.96	no
214	13.46	no
215	17.37	no
216	24.58	yes
217	28.55	yes
218	35.91	yes
219	39.5	yes
220	39.9	yes
221	38.46	yes
222	34.25	yes
223	35.31	yes
224	30.75	yes
225	27.84	yes
226	23.31	yes
227	15.93	no
228	14.66	no
229	10.67	no
230	16.27	no
231	20.83	yes
232	23.92	yes
233	22.5	yes
234	16.43	no
235	16.38	no
236	17.49	no
237	16.98	no
238	10.36	no
239	12.21	no
240	13.56	no
241	11.96	no
242	12.7	no
243	11.99	no
244	11.41	no
245	10.92	no
246	10.37	no
247	9.7	no
248	9.84	no
249	9.43	no
250	10.46	no
251	10.91	no
252	10.93	no
253	11.26	no
254	10.58	no
255	9.21	no
256	10.37	no
257	10.01	no
258	10.08	no
259	10.07	no
260	9.32	no
261	9.04	no
262	8.86	no
263	7.26	no
264	6.48	no
265	6.1	no
266	7.06	no
267	6.98	no
268	6.29	no
269	7.48	no
270	7.62	no
271	7.86	no
272	8.35	no
273	7.52	no
274	7.54	no
275	7.54	no
276	7.72	no
277	7.65	no
278	8.14	no
279	8.38	no
280	8.81	no
281	9.56	no
282	10.25	no
283	10.76	no
284	11.2	no
285	11.53	no
286	12.57	no
287	11.8	no
288	16.3	no
289	19.13	yes
290	21.18	yes
291	18.54	yes
292	16.34	no
293	17.97	no
294	15.67	no
295	12.86	no
296	11.84	no
297	11.3	no
298	10.76	no
299	9.78	no
300	9.82	no
301	10.75	no
302	10.86	no
303	10.88	no
304	12.09	no
305	12.42	no
306	12.89	no
307	12.03	no
308	11.95	no
309	12.83	no
310	12.08	no
311	11.32	no
312	10.57	no
313	10.72	no
314	9.42	no
315	9.28	no
316	9.09	no
317	7.68	no
318	9.02	no
319	9.31	no
320	8.99	no
321	9.34	no
322	9.65	no
323	10.31	no
324	11.0	no
325	10.93	no
326	10.2	no
327	10.4	no
328	11.31	no
329	10.28	no
330	10.39	no
331	10.45	no
332	11.24	no
333	10.93	no
334	11.77	no
335	10.61	no
336	10.45	no
337	9.76	no
338	10.01	no
339	9.15	no
340	8.99	no
341	9.49	no
342	10.46	no
343	9.98	no
344	10.25	no
345	9.47	no
346	9.68	no
347	9.15	no
348	9.52	no
349	9.08	no
350	8.65	no
351	8.66	no
352	9.71	no
353	11.14	no
354	9.18	no
355	9.81	no
356	9.48	no
357	9.14	no
358	8.72	no
359	8.91	no
360	9.38	no
361	12.16	no
362	14.22	no
363	14.62	no
364	12.69	no
365	15.87	no
366	14.66	no
367	10.64	no
368	11.16	no
369	10.86	no
370	9.69	no
371	8.81	no
372	8.81	no
373	8.66	no
374	8.96	no
375	9.4	no
376	9.24	no
377	9.74	no
378	10.13	no
379	8.99	no
380	10.39	no
381	9.85	no
382	8.87	no
383	8.53	no
384	9.56	no
385	9.47	no
386	10.06	no
387	9.72	no
388	10.41	no
389	9.19	no
390	8.89	no
391	8.93	no
392	8.75	no
393	9.71	no
394	8.52	no
395	9.27	no
396	9.02	no
397	8.37	no
398	8.56	no
399	8.68	no
400	8.81	no
401	8.42	no
402	8.11	no
403	7.85	no
404	8.67	no
405	7.49	no
406	8.63	no
407	8.52	no
408	8.34	no
409	8.63	no
410	7.89	no
411	8.19	no
412	7.64	no
413	8.09	no
414	7.83	no
415	7.43	no
416	8.02	no
417	7.92	no
418	8.68	no
419	8.88	no
420	9.42	no
421	10.35	no
422	10.9	no
423	11.62	no
424	11.53	no
425	12.15	no
426	13.7	no
427	13.84	no
428	15.91	no
429	20.95	yes
430	21.98	yes
431	19.89	yes
432	21.6	yes
433	21.4	yes
434	16.26	no
435	18.14	no
436	21.85	yes
437	21.74	yes
438	17.25	no
439	10.52	no
440	10.11	no
441	10.07	no
442	9.93	no
443	9.35	no
444	9.37	no
445	9.09	no
446	8.78	no
447	8.88	no
448	8.73	no
449	9.06	no
450	8.91	no
451	9.25	no
452	9.06	no
453	8.85	no
454	8.96	no
455	8.98	no
456	8.88	no
457	10.16	no
458	10.47	no
459	10.32	no
460	10.32	no
461	10.15	no
462	8.84	no
463	8.43	no
464	8.6	no
465	8.35	no
466	8.22	no
467	7.37	no
468	8.43	no
469	8.63	no
470	7.35	no
471	7.5	no
472	9.03	no
473	8.14	no
474	7.37	no
475	7.67	no
476	8.1	no
477	8.73	no
478	9.5	no
479	9.7	no
480	9.12	no
481	9.33	no
482	9.12	no
483	8.78	no
484	8.24	no
485	7.81	no
486	7.84	no
487	7.44	no
488	6.95	no
489	7.0	no
490	7.12	no
491	7.08	no
492	7.13	no
493	7.36	no
494	6.35	no
495	6.77	no
496	6.2	no
497	5.86	no
498	5.5	no
499	5.52	no
500	5.54	no
501	5.8	no
502	5.67	no
503	5.39	no
504	5.31	no
505	8.03	no
506	8.16	no
507	9.86	no
508	6.04	no
509	5.82	no
510	7.13	no
511	9.45	no
512	4.15	no
513	4.04	no
514	3.94	no
515	4.38	no
516	5.05	no
517	5.3	no
518	5.74	no
519	5.88	no
520	6.78	no
521	6.79	no
522	6.91	no
523	9.03	no
524	9.93	no
525	8.98	no
526	8.18	no
527	6.78	no
528	6.91	no
529	6.7	no
530	6.83	no
531	6.44	no
532	6.45	no
533	5.96	no
534	5.26	no
535	5.09	no
536	4.5	no
537	4.82	no
538	5.0	no
539	5.52	no
540	5.55	no
541	4.63	no
542	4.07	no
543	3.86	no
544	3.98	no
545	3.63	no
546	3.27	no
547	4.29	no
548	6.5	no
549	9.82	no
550	3.87	no
551	3.73	no
552	3.81	no
553	4.63	no
554	5.09	no
555	5.36	no
556	6.01	no
557	6.84	no
558	6.76	no
559	6.99	no
560	7.12	no
561	7.09	no
562	6.72	no
563	6.67	no
564	7.03	no
565	6.34	no
566	5.75	no
567	4.93	no
568	4.3	no
569	4.59	no
570	3.4	no
571	4.07	no
572	3.65	no
573	3.8	no
574	4.42	no
575	4.47	no
576	4.86	no
577	5.4	no
578	4.81	no
579	4.51	no
580	3.94	no
581	3.71	no
582	18.34	no
583	19.21	yes
584	16.93	no
585	16.02	no
586	14.64	no
587	13.04	no
588	3.57	no
589	3.52	no
590	3.63	no
591	3.93	no
592	4.34	no
593	4.02	no
594	4.11	no
595	3.88	no
596	4.12	no
597	3.22	no
598	3.67	no
599	3.89	no
600	4.13	no
601	3.43	no
602	4.27	no
603	4.91	no
604	5.62	no
605	6.67	no
606	7.24	no
607	7.23	no
608	7.88	no
609	8.84	no
610	8.38	no
611	7.55	no
612	6.78	no
613	6.42	no
614	5.65	no
615	5.77	no
616	5.29	no
617	4.27	no
618	3.8	no
619	3.69	no
620	3.49	no
621	3.69	no
622	3.37	no
623	19.43	yes
624	20.98	yes
625	18.3	no
626	15.11	no
627	11.18	no
628	9.06	no
629	11.4	no
630	14.16	no
631	14.7	no
632	18.79	yes
633	15.88	no
634	11.52	no
635	8.92	no
636	11.41	no
637	10.11	no
638	14.09	no
639	8.96	no
640	6.87	no
641	5.35	no
642	5.27	no
643	5.5	no
644	5.59	no
645	5.51	no
646	5.01	no
647	5.5	no
648	5.48	no
649	5.71	no
650	5.56	no
651	5.56	no
652	5.57	no
653	5.7	no
654	5.42	no
655	5.2	no
656	5.77	no
657	5.93	no
658	6.09	no
659	5.56	no
660	5.31	no
661	5.41	no
662	5.18	no
663	4.35	no
664	4.91	no
665	4.82	no
666	4.83	no
667	4.97	no
668	4.99	no
669	4.12	no
670	4.83	no
671	5.04	no
672	3.55	no
673	3.46	no
674	3.47	no
675	3.47	no
676	3.58	no
677	4.47	no
678	5.36	no
679	7.15	no
680	8.03	no
681	7.39	no
682	6.54	no
683	5.14	no
684	5.83	no
685	3.88	no
686	3.79	no
687	3.81	no
688	4.82	no
689	4.61	no
690	4.47	no
691	5.08	no
692	4.4	no
693	4.49	no
694	3.91	no
695	3.9	no
696	4.1	no
697	4.96	no
698	4.96	no
699	5.65	no
700	5.55	no
701	5.59	no
702	5.9	no
703	6.02	no
704	6.8	no
705	7.81	no
706	7.66	no
707	8.09	no
708	8.5	no
709	8.96	no
710	10.09	no
711	9.86	no
712	9.65	no
713	9.48	no
714	8.45	no
715	8.04	no
716	8.36	no
717	8.05	no
718	7.38	no
719	7.11	no
720	7.12	no
721	7.03	no
722	7.12	no
723	7.54	no
724	7.98	no
725	8.54	no
726	8.99	no
727	8.97	no
728	8.63	no
729	8.73	no
730	8.03	no
731	8.35	no
732	7.82	no
733	6.95	no
734	7.16	no
735	7.54	no
736	8.12	no
737	8.08	no
738	8.19	no
739	8.62	no
740	9.05	no
741	8.94	no
742	10.12	no
743	10.61	no
744	9.86	no
745	10.47	no
746	10.67	no
747	10.59	no
748	9.72	no
749	9.25	no
750	8.75	no
751	8.05	no
752	7.98	no
753	8.84	no
754	8.84	no
755	9.15	no
756	9.34	no
757	9.63	no
758	9.78	no
759	9.14	no
760	9.59	no
761	9.43	no
762	9.36	no
763	9.44	no
764	9.31	no
765	9.5	no
766	9.75	no
767	9.48	no
768	9.57	no
769	9.94	no
770	9.8	no
771	10.33	no
772	10.39	no
773	10.64	no
774	11.02	no
775	10.97	no
776	10.81	no
777	11.35	no
778	12.48	no
779	12.5	no
780	12.74	no
781	12.77	no
782	11.95	no
783	11.97	no
784	12.06	no
785	11.96	no
786	11.97	no
787	11.96	no
788	11.82	no
789	11.48	no
790	11.63	no
791	10.09	no
792	10.14	no
793	9.9	no
794	9.46	no
795	8.92	no
796	8.7	no
797	7.69	no
798	6.43	no
799	5.93	no
800	6.37	no
801	6.09	no
802	5.93	no
803	5.42	no
804	5.11	no
805	4.46	no
806	4.44	no
807	4.29	no
808	4.23	no
809	4.29	no
810	4.43	no
811	4.79	no
812	5.09	no
813	5.21	no
814	6.54	no
815	6.32	no
816	6.11	no
817	5.4	no
818	5.14	no
819	5.15	no
820	4.76	no
821	5.2	no
822	5.56	no
823	5.16	no
824	4.87	no
825	4.69	no
826	4.68	no
827	4.89	no
828	3.59	no
829	3.92	no
830	3.93	no
831	3.82	no
832	4.11	no
833	4.43	no
834	4.33	no
835	4.28	no
836	4.49	no
837	4.99	no
838	5.18	no
839	5.18	no
840	5.17	no
841	5.75	no
842	6.24	no
843	5.86	no
844	5.99	no
845	6.65	no
846	6.84	no
847	6.63	no
848	6.92	no
849	7.8	no
850	7.78	no
851	7.09	no
852	7.49	no
853	7.8	no
854	8.55	no
855	8.53	no
856	8.32	no
857	9.2	no
858	9.65	no
859	9.29	no
860	9.85	no
861	10.02	no
862	9.73	no
863	10.14	no
864	11.44	no
865	11.0	no
866	10.44	no
867	11.32	no
868	12.38	no
869	11.22	no
870	11.62	no
871	10.76	no
872	10.69	no
873	10.53	no
874	9.83	no
875	9.92	no
876	9.26	no
877	8.98	no
878	9.52	no
879	9.92	no
880	9.85	no
881	9.2	no
882	8.5	no
883	9.14	no
884	10.91	no
885	10.27	no
886	17.21	no
887	10.78	no
888	10.8	no
889	10.53	no
890	9.87	no
891	9.71	no
892	9.02	no
893	9.12	no
894	9.81	no
895	10.04	no
896	9.64	no
897	9.57	no
898	9.0	no
899	9.08	no
900	9.42	no
901	8.76	no
902	8.4	no
903	8.67	no
904	8.16	no
905	7.84	no
906	9.15	no
907	9.15	no
908	9.18	no
909	10.53	no
910	9.65	no
911	9.1	no
912	7.12	no
913	9.92	no
914	6.03	no
915	5.96	no
916	6.9	no
917	5.95	no
918	6.12	no
919	6.96	no
920	5.77	no
921	6.88	no
922	6.06	no
923	7.91	no
924	8.15	no
925	7.02	no
926	7.52	no
927	8.23	no
928	7.3	no
929	6.26	no
930	6.37	no
931	6.63	no
932	5.64	no
933	5.15	no
934	5.68	no
935	5.3	no
936	5.05	no
937	4.64	no
938	5.07	no
939	5.18	no
940	6.3	no
941	6.46	no
942	6.86	no
943	7.21	no
944	7.03	no
945	7.47	no
946	8.39	no
947	8.92	no
948	9.06	no
949	8.42	no
950	8.93	no
951	9.14	no
952	9.19	no
953	8.66	no
954	9.58	no
955	9.68	no
956	9.27	no
957	9.7	no
958	10.43	no
959	9.76	no
960	9.43	no
961	10.48	no
962	11.21	no
963	11.3	no
964	11.78	no
965	11.58	no
966	11.07	no
967	10.6	no
968	11.62	no
969	12.13	no
970	12.06	no
971	11.68	no
972	11.92	no
973	12.01	no
974	11.52	no
975	11.88	no
976	11.8	no
977	11.85	no
978	11.68	no
979	12.12	no
980	11.71	no
981	11.32	no
982	11.33	no
983	11.76	no
984	11.25	no
985	10.47	no
986	10.46	no
987	11.14	no
988	11.53	no
989	13.0	no
990	13.42	no
991	12.95	no
992	12.93	no
993	13.08	no
994	12.41	no
995	11.79	no
996	11.83	no
997	12.07	no
998	11.88	no
999	11.41	no
1000	11.41	no
1001	11.29	no
1002	11.1	no
1003	11.0	no
1004	11.18	no
1005	11.28	no
1006	10.77	no
1007	10.5	no
1008	10.78	no
1009	11.18	no
1010	10.22	no
1011	9.72	no
1012	10.34	no
1013	9.87	no
1014	10.22	no
1015	10.17	no
1016	9.5	no
1017	9.09	no
1018	8.74	no
1019	9.5	no
1020	9.37	no
1021	9.74	no
1022	9.7	no
1023	8.2	no
1024	9.16	no
1025	9.72	no
1026	8.61	no
1027	8.39	no
1028	8.45	no
1029	8.35	no
1030	8.18	no
1031	8.39	no
1032	8.26	no
1033	8.21	no
1034	8.2	no
1035	8.27	no
1036	7.97	no
1037	7.57	no
1038	7.87	no
1039	7.79	no
1040	7.22	no
1041	6.84	no
1042	6.77	no
1043	6.81	no
1044	6.22	no
1045	5.3	no
1046	5.3	no
1047	5.47	no
1048	5.38	no
1049	4.94	no
1050	5.18	no
1051	5.06	no
1052	4.04	no
1053	4.31	no
1054	4.58	no
1055	4.08	no
1056	4.61	no
1057	5.11	no
1058	4.18	no
1059	4.28	no
1060	5.02	no
1061	5.33	no
1062	5.17	no
1063	5.3	no
1064	5.04	no
1065	4.84	no
1066	4.69	no
1067	4.47	no
1068	4.44	no
1069	5.04	no
1070	5.19	no
1071	4.51	no
1072	5.72	no
1073	6.44	no
1074	5.37	no
1075	4.38	no
1076	3.96	no
1077	3.36	no
1078	3.15	no
1079	3.89	no
1080	4.21	no
1081	4.18	no
1082	3.82	no
1083	4.04	no
1084	4.39	no
1085	4.4	no
1086	4.64	no
1087	4.0	no
1088	4.22	no
1089	4.09	no
1090	4.65	no
1091	4.26	no
1092	4.13	no
1093	4.73	no
1094	5.1	no
1095	4.66	no
1096	4.72	no
1097	5.37	no
1098	5.59	no
1099	5.32	no
1100	5.9	no
1101	5.41	no
1102	5.15	no
1103	5.68	no
1104	6.29	no
1105	5.94	no
1106	6.22	no
1107	6.87	no
1108	7.14	no
1109	6.66	no
1110	7.25	no
1111	7.38	no
1112	7.41	no
1113	7.4	no
1114	7.84	no
1115	7.98	no
1116	8.05	no
1117	8.02	no
1118	8.07	no
1119	8.69	no
1120	8.94	no
1121	9.27	no
1122	9.88	no
1123	9.21	no
1124	9.01	no
1125	9.03	no
1126	9.41	no
1127	10.37	no
1128	9.6	no
1129	9.59	no
1130	9.7	no
1131	9.39	no
1132	9.55	no
1133	9.28	no
1134	9.71	no
1135	10.15	no
1136	8.64	no
1137	9.29	no
1138	9.8	no
1139	9.8	no
1140	10.39	no
1141	10.42	no
1142	9.88	no
1143	10.24	no
1144	9.5	no
1145	9.43	no
1146	8.87	no
1147	8.28	no
1148	8.01	no
1149	7.81	no
1150	7.86	no
1151	8.49	no
1152	8.94	no
1153	8.86	no
1154	9.4	no
1155	9.48	no
1156	10.03	no
1157	10.14	no
1158	10.35	no
1159	11.41	no
1160	11.3	no
1161	11.23	no
1162	11.86	no
1163	12.06	no
1164	12.33	no
1165	12.2	no
1166	12.54	no
1167	12.63	no
1168	12.54	no
1169	12.97	no
1170	12.81	no
1171	13.32	no
1172	13.58	no
1173	13.76	no
1174	14.19	no
1175	14.62	no
1176	14.74	no
1177	14.22	no
1178	13.71	no
1179	13.41	no
1180	13.17	no
1181	13.09	no
1182	12.8	no
1183	12.18	no
1184	11.8	no
1185	11.7	no
1186	11.47	no
1187	12.29	no
1188	11.77	no
1189	12.57	no
1190	12.68	no
1191	13.26	no
1192	13.51	no
1193	13.15	no
1194	13.07	no
1195	14.62	no
1196	14.5	no
1197	15.91	no
1198	16.66	no
1199	15.72	no
1200	13.58	no
1201	13.35	no
1202	13.69	no
1203	13.47	no
1204	12.82	no
1205	12.49	no
1206	11.96	no
1207	12.52	no
1208	12.49	no
1209	12.25	no
1210	12.86	no
1211	13.51	no
1212	13.41	no
1213	14.14	no
1214	14.43	no
1215	14.13	no
1216	13.86	no
1217	13.85	no
1218	12.54	no
1219	12.43	no
1220	12.87	no
1221	12.87	no
1222	13.02	no
1223	13.04	no
1224	13.05	no
1225	12.78	no
1226	13.08	no
1227	12.77	no
1228	12.14	no
1229	12.56	no
1230	13.34	no
1231	13.27	no
1232	13.47	no
1233	14.73	no
1234	15.16	no
1235	15.52	no
1236	15.96	no
1237	15.27	no
1238	14.86	no
1239	15.36	no
1240	15.57	no
1241	14.67	no
1242	14.45	no
1243	14.28	no
1244	13.99	no
1245	14.0	no
1246	14.14	no
1247	14.22	no
1248	14.12	no
1249	15.28	no
1250	16.05	no
1251	15.72	no
1252	15.59	no
1253	16.35	no
1254	16.68	no
