target_id	arm	why	sequence_length	msa_depth	projected_s
27WO_1	af2_msa_notmpl	predicted in the run this repository reports on	81	12820	755.90
27AH_1	af2_msa_notmpl	predicted in the run this repository reports on	82	2	79.66
8PQM_1	af2_msa_notmpl	predicted in the run this repository reports on	82	19183	866.75
36MB_1	af2_msa_notmpl	predicted in the run this repository reports on	83	2	65.84
8PRR_1	af2_msa_notmpl	predicted in the run this repository reports on	84	24594	826.43
8S7A_1	af2_msa_notmpl	predicted in the run this repository reports on	84	9800	797.34
21NG_1	af2_msa_notmpl	predicted in the run this repository reports on	85	3277	614.17
8P91_1	af2_msa_notmpl	predicted in the run this repository reports on	85	8935	820.58
8PR6_1	af2_msa_notmpl	predicted in the run this repository reports on	85	6109	814.03
8KC1_1	af2_msa_notmpl	predicted in the run this repository reports on	87	2	65.22
8QB1_1	af2_msa_notmpl	predicted in the run this repository reports on	88	5907	832.97
8JN0_1	af2_msa_notmpl	predicted in the run this repository reports on	89	3973	692.97
8Q1W_1	af2_msa_notmpl	predicted in the run this repository reports on	89	6576	852.78
10XE_1	af2_msa_notmpl	predicted in the run this repository reports on	91	2174	725.30
8RD7_1	af2_msa_notmpl	predicted in the run this repository reports on	91	5710	853.06
10XH_1	af2_msa_notmpl	predicted in the run this repository reports on	93	487	583.30
36IQ_1	af2_msa_notmpl	predicted in the run this repository reports on	98	2	112.09
8KBM_1	af2_msa_notmpl	predicted in the run this repository reports on	104	3427	781.16
8PWC_1	af2_msa_notmpl	predicted in the run this repository reports on	110	1537	720.62
44ID_1	af2_msa_notmpl	predicted in the run this repository reports on	120	4210	983.79
8RCY_1	af2_msa_notmpl	predicted in the run this repository reports on	137	13650	1423.54
35TM_1	af2_msa_notmpl	predicted in the run this repository reports on	139	3818	1189.68
29LW_1	af2_msa_notmpl	predicted in the run this repository reports on	142	11415	1670.74
10JX_1	af2_msa_notmpl	predicted in the run this repository reports on	145	8306	2447.95
37JY_1	af2_msa_notmpl	predicted in the run this repository reports on	147	420	1140.11
8R5N_1	af2_msa_notmpl	predicted in the run this repository reports on	165	2557	1785.29
30JI_1	af2_msa_notmpl	predicted in the run this repository reports on	173	2529	1958.23
8JQU_1	af2_msa_notmpl	predicted in the run this repository reports on	175	16151	2578.55
8QX5_1	af2_msa_notmpl	predicted in the run this repository reports on	177	1336	1401.84
8POR_1	af2_msa_notmpl	predicted in the run this repository reports on	179	13923	2560.52
27WO_1	af2_msa_tmpl	predicted in the run this repository reports on	81	12820	1103.92
27AH_1	af2_msa_tmpl	predicted in the run this repository reports on	82	2	290.43
36MB_1	af2_msa_tmpl	predicted in the run this repository reports on	83	2	141.96
8S7A_1	af2_msa_tmpl	predicted in the run this repository reports on	84	9800	1136.94
8PR6_1	af2_msa_tmpl	predicted in the run this repository reports on	85	6109	986.19
8JN0_1	af2_msa_tmpl	predicted in the run this repository reports on	89	3973	949.56
10XE_1	af2_msa_tmpl	predicted in the run this repository reports on	91	2174	813.67
36IQ_1	af2_msa_tmpl	predicted in the run this repository reports on	98	2	161.90
8PWC_1	af2_msa_tmpl	predicted in the run this repository reports on	110	1537	920.99
37JY_1	af2_msa_tmpl	predicted in the run this repository reports on	147	420	1055.20
8R5N_1	af2_msa_tmpl	predicted in the run this repository reports on	165	2557	1787.79
30JI_1	af2_msa_tmpl	predicted in the run this repository reports on	173	2529	1776.79
8QX5_1	af2_msa_tmpl	predicted in the run this repository reports on	177	1336	1930.06
8POR_1	af2_msa_tmpl	predicted in the run this repository reports on	179	13923	2526.91
