target_id	arm	radius	n_pocket_residues	n_residues_scored	n_ligand_heavy_atoms	pocket_lddt_ca	pocket_lddt_all_atom	pocket_rmsd_all_atom	n_atoms_compared	global_lddt_ca	recorded
29LW_1	null_template	4.0	21	20	31	0.9974	0.953		0	0.991	2026-09-28T06:17:43+08:00
29LW_1	null_template	5.0	24	23	31	0.9977	0.9427		0	0.991	2026-09-28T06:17:43+08:00
29LW_1	null_template	6.0	33	31	31	0.9976	0.9418		0	0.991	2026-09-28T06:17:43+08:00
29LW_1	null_template	8.0	56	53	31	0.9931	0.9412		0	0.991	2026-09-28T06:17:43+08:00
29LW_1	null_unrelated	4.0	21	1	31				0	0.042	2026-09-28T06:17:44+08:00
29LW_1	null_unrelated	5.0	24	1	31				0	0.042	2026-09-28T06:17:45+08:00
29LW_1	null_unrelated	6.0	33	2	31				0	0.042	2026-09-28T06:17:45+08:00
29LW_1	null_unrelated	8.0	56	3	31				0	0.042	2026-09-28T06:17:45+08:00
30JI_1	null_template	4.0	20	20	28	0.9092	0.8531		0	0.891	2026-09-28T06:17:46+08:00
30JI_1	null_template	5.0	24	24	28	0.9056	0.8443		0	0.891	2026-09-28T06:17:46+08:00
30JI_1	null_template	6.0	32	32	28	0.9054	0.8451		0	0.891	2026-09-28T06:17:46+08:00
30JI_1	null_template	8.0	57	57	28	0.91	0.8445		0	0.891	2026-09-28T06:17:46+08:00
35TM_1	null_template	4.0	21	0	36				0	0.302	2026-09-28T06:17:58+08:00
35TM_1	null_template	5.0	24	0	36				0	0.302	2026-09-28T06:17:58+08:00
35TM_1	null_template	6.0	35	0	36				0	0.302	2026-09-28T06:17:58+08:00
35TM_1	null_template	8.0	66	0	36				0	0.302	2026-09-28T06:17:58+08:00
36IQ_1	null_unrelated	4.0	17	0	39				0	0.021	2026-09-28T06:18:00+08:00
36IQ_1	null_unrelated	5.0	20	0	39				0	0.021	2026-09-28T06:18:00+08:00
36IQ_1	null_unrelated	6.0	24	0	39				0	0.021	2026-09-28T06:18:00+08:00
36IQ_1	null_unrelated	8.0	53	0	39				0	0.021	2026-09-28T06:18:00+08:00
37JY_1	null_unrelated	4.0	9	3	42				0	0.087	2026-09-28T06:18:03+08:00
37JY_1	null_unrelated	5.0	11	4	42				0	0.087	2026-09-28T06:18:03+08:00
37JY_1	null_unrelated	6.0	17	5	42	0.3384	0.2014		0	0.087	2026-09-28T06:18:03+08:00
37JY_1	null_unrelated	8.0	33	11	42	0.2844	0.17		0	0.087	2026-09-28T06:18:03+08:00
44ID_1	null_template	4.0	13	13	21	0.8932	0.8347	1.573	110	0.896	2026-09-28T06:18:06+08:00
44ID_1	null_template	5.0	23	23	21	0.8956	0.8464	1.434	184	0.896	2026-09-28T06:18:06+08:00
44ID_1	null_template	6.0	28	28	21	0.8913	0.8421	1.411	214	0.896	2026-09-28T06:18:06+08:00
44ID_1	null_template	8.0	54	54	21	0.8924	0.8406	1.58	424	0.896	2026-09-28T06:18:06+08:00
44ID_1	null_unrelated	4.0	13	6	21	0.1432	0.0837		0	0.093	2026-09-28T06:18:07+08:00
44ID_1	null_unrelated	5.0	23	15	21	0.1675	0.1123		0	0.093	2026-09-28T06:18:07+08:00
44ID_1	null_unrelated	6.0	28	19	21	0.1716	0.1115		0	0.093	2026-09-28T06:18:07+08:00
44ID_1	null_unrelated	8.0	54	33	21	0.1828	0.1136		0	0.093	2026-09-28T06:18:07+08:00
8JQU_1	null_template	4.0	23	23	32	0.7695	0.682		0	0.756	2026-09-28T06:18:16+08:00
8JQU_1	null_template	5.0	30	30	32	0.7826	0.6868		0	0.756	2026-09-28T06:18:16+08:00
8JQU_1	null_template	6.0	34	34	32	0.7709	0.6773		0	0.756	2026-09-28T06:18:16+08:00
8JQU_1	null_template	8.0	51	51	32	0.7606	0.6635		0	0.756	2026-09-28T06:18:16+08:00
8JQU_1	null_unrelated	4.0	23	15	32	0.2124	0.1238		0	0.166	2026-09-28T06:18:17+08:00
8JQU_1	null_unrelated	5.0	30	21	32	0.2246	0.1337		0	0.166	2026-09-28T06:18:17+08:00
8JQU_1	null_unrelated	6.0	34	24	32	0.224	0.1353		0	0.166	2026-09-28T06:18:17+08:00
8JQU_1	null_unrelated	8.0	51	36	32	0.2412	0.1451		0	0.166	2026-09-28T06:18:17+08:00
8KBM_1	null_unrelated	4.0	12	0	46				0	0.007	2026-09-28T06:18:43+08:00
8KBM_1	null_unrelated	5.0	13	0	46				0	0.007	2026-09-28T06:18:43+08:00
8KBM_1	null_unrelated	6.0	15	0	46				0	0.007	2026-09-28T06:18:43+08:00
8KBM_1	null_unrelated	8.0	25	0	46				0	0.007	2026-09-28T06:18:43+08:00
8POR_1	null_template	4.0	18	18	46	0.9249	0.6679		0	0.862	2026-09-28T06:19:00+08:00
8POR_1	null_template	5.0	21	21	46	0.9238	0.6508		0	0.862	2026-09-28T06:19:00+08:00
8POR_1	null_template	6.0	25	25	46	0.9166	0.646		0	0.862	2026-09-28T06:19:00+08:00
8POR_1	null_template	8.0	47	47	46	0.9066	0.6548		0	0.862	2026-09-28T06:19:00+08:00
8POR_1	null_unrelated	4.0	18	10	46	0.2108	0.1168		0	0.116	2026-09-28T06:19:01+08:00
8POR_1	null_unrelated	5.0	21	11	46	0.2051	0.1155		0	0.116	2026-09-28T06:19:01+08:00
8POR_1	null_unrelated	6.0	25	14	46	0.1996	0.1129		0	0.116	2026-09-28T06:19:01+08:00
8POR_1	null_unrelated	8.0	47	28	46	0.1984	0.1098		0	0.116	2026-09-28T06:19:01+08:00
8PWC_1	null_template	4.0	15	14	41	0.8114	0.7189	1.934	126	0.787	2026-09-28T06:19:10+08:00
8PWC_1	null_template	5.0	17	16	41	0.8144	0.7299	1.821	145	0.787	2026-09-28T06:19:10+08:00
8PWC_1	null_template	6.0	26	24	41	0.8076	0.7218	2.197	211	0.787	2026-09-28T06:19:10+08:00
8PWC_1	null_template	8.0	44	40	41	0.7845	0.7074	2.79	350	0.787	2026-09-28T06:19:10+08:00
8PWC_1	null_unrelated	4.0	15	0	41				0	0.006	2026-09-28T06:19:11+08:00
8PWC_1	null_unrelated	5.0	17	0	41				0	0.006	2026-09-28T06:19:11+08:00
8PWC_1	null_unrelated	6.0	26	0	41				0	0.006	2026-09-28T06:19:11+08:00
8PWC_1	null_unrelated	8.0	44	0	41				0	0.006	2026-09-28T06:19:11+08:00
8R5N_1	null_template	4.0	10	7	31	0.7114	0.4824		0	0.779	2026-09-28T06:20:07+08:00
8R5N_1	null_template	5.0	11	7	31	0.7114	0.4824		0	0.779	2026-09-28T06:20:07+08:00
8R5N_1	null_template	6.0	12	8	31	0.7296	0.5114		0	0.779	2026-09-28T06:20:07+08:00
8R5N_1	null_template	8.0	30	20	31	0.718	0.4837		0	0.779	2026-09-28T06:20:07+08:00
8RCY_1	null_template	4.0	10	10	24	0.8909	0.8204		0	0.903	2026-09-28T06:20:13+08:00
8RCY_1	null_template	5.0	12	12	24	0.8959	0.8309		0	0.903	2026-09-28T06:20:13+08:00
8RCY_1	null_template	6.0	18	18	24	0.9026	0.8392		0	0.903	2026-09-28T06:20:13+08:00
8RCY_1	null_template	8.0	29	29	24	0.8955	0.8374		0	0.903	2026-09-28T06:20:13+08:00
36IQ_1	af2_nomsa	4.0	17	17	39	0.9598	0.8442	1.507	150	0.959	2026-09-28T06:21:08+08:00
36IQ_1	af2_nomsa	5.0	20	20	39	0.9604	0.8467	1.573	169	0.959	2026-09-28T06:21:08+08:00
36IQ_1	af2_nomsa	6.0	24	24	39	0.9573	0.8545	1.502	191	0.959	2026-09-28T06:21:08+08:00
36IQ_1	af2_nomsa	8.0	53	53	39	0.9646	0.8707	1.306	406	0.959	2026-09-28T06:21:08+08:00
8KBM_1	af2_nomsa	4.0	12	12	46	0.4686	0.3712	7.962	100	0.431	2026-09-28T06:21:12+08:00
8KBM_1	af2_nomsa	5.0	13	13	46	0.4605	0.3629	8.069	112	0.431	2026-09-28T06:21:12+08:00
8KBM_1	af2_nomsa	6.0	15	15	46	0.4652	0.3712	8.008	127	0.431	2026-09-28T06:21:12+08:00
8KBM_1	af2_nomsa	8.0	25	25	46	0.4425	0.3638	7.509	201	0.431	2026-09-28T06:21:12+08:00
8PWC_1	af2_nomsa	4.0	15	15	41	0.5099	0.4467	6.939	132	0.601	2026-09-28T06:21:17+08:00
8PWC_1	af2_nomsa	5.0	17	17	41	0.5246	0.4649	7.008	151	0.601	2026-09-28T06:21:17+08:00
8PWC_1	af2_nomsa	6.0	26	26	41	0.5351	0.4598	7.128	225	0.601	2026-09-28T06:21:17+08:00
8PWC_1	af2_nomsa	8.0	44	44	41	0.5669	0.4831	6.666	377	0.601	2026-09-28T06:21:17+08:00
44ID_1	af2_nomsa	4.0	13	13	21	0.2462	0.1885	10.361	110	0.263	2026-09-28T06:21:25+08:00
44ID_1	af2_nomsa	5.0	23	23	21	0.2559	0.192	11.623	184	0.263	2026-09-28T06:21:25+08:00
44ID_1	af2_nomsa	6.0	28	28	21	0.255	0.1835	12.174	215	0.263	2026-09-28T06:21:25+08:00
44ID_1	af2_nomsa	8.0	54	54	21	0.2713	0.188	13.842	425	0.263	2026-09-28T06:21:25+08:00
8RCY_1	af2_nomsa	4.0	10	10	24	0.2536	0.1062	13.552	84	0.34	2026-09-28T06:21:53+08:00
8RCY_1	af2_nomsa	5.0	12	12	24	0.2505	0.1017	12.888	97	0.34	2026-09-28T06:21:53+08:00
8RCY_1	af2_nomsa	6.0	18	18	24	0.2557	0.1253	12.473	151	0.34	2026-09-28T06:21:53+08:00
8RCY_1	af2_nomsa	8.0	29	29	24	0.272	0.1412	12.548	240	0.34	2026-09-28T06:21:53+08:00
35TM_1	af2_nomsa	4.0	21	21	36	0.416	0.3186	11.621	195	0.454	2026-09-28T06:21:54+08:00
35TM_1	af2_nomsa	5.0	24	24	36	0.4073	0.3148	11.946	222	0.454	2026-09-28T06:21:54+08:00
35TM_1	af2_nomsa	6.0	35	35	36	0.4122	0.3207	11.393	315	0.454	2026-09-28T06:21:54+08:00
35TM_1	af2_nomsa	8.0	66	66	36	0.4398	0.3502	12.853	566	0.454	2026-09-28T06:21:54+08:00
29LW_1	af2_nomsa	4.0	21	21	31	0.3432	0.223	10.176	180	0.398	2026-09-28T06:22:00+08:00
29LW_1	af2_nomsa	5.0	24	24	31	0.3379	0.2268	11.385	201	0.398	2026-09-28T06:22:00+08:00
29LW_1	af2_nomsa	6.0	33	33	31	0.3519	0.247	12.807	269	0.398	2026-09-28T06:22:00+08:00
29LW_1	af2_nomsa	8.0	56	56	31	0.3452	0.2378	13.196	469	0.398	2026-09-28T06:22:00+08:00
10JX_1	af2_nomsa	4.0	17	17	43	0.4049	0.3045	8.175	140	0.415	2026-09-28T06:22:02+08:00
10JX_1	af2_nomsa	5.0	23	23	43	0.3936	0.3091	8.626	187	0.415	2026-09-28T06:22:02+08:00
10JX_1	af2_nomsa	6.0	24	24	43	0.3891	0.2963	9.266	195	0.415	2026-09-28T06:22:02+08:00
10JX_1	af2_nomsa	8.0	56	56	43	0.3851	0.3036	11.653	441	0.415	2026-09-28T06:22:02+08:00
37JY_1	af2_nomsa	4.0	9	9	42	0.3033	0.2436	8.464	74	0.288	2026-09-28T06:22:07+08:00
37JY_1	af2_nomsa	5.0	11	11	42	0.2975	0.2263	9.046	89	0.288	2026-09-28T06:22:07+08:00
37JY_1	af2_nomsa	6.0	17	17	42	0.3004	0.2211	9.853	139	0.288	2026-09-28T06:22:07+08:00
37JY_1	af2_nomsa	8.0	33	33	42	0.3017	0.2022	12.617	257	0.288	2026-09-28T06:22:07+08:00
8R5N_1	af2_nomsa	4.0	10	10	31	0.2634	0.2082	13.074	100	0.255	2026-09-28T06:22:43+08:00
8R5N_1	af2_nomsa	5.0	11	11	31	0.2636	0.2088	12.992	108	0.255	2026-09-28T06:22:43+08:00
8R5N_1	af2_nomsa	6.0	12	12	31	0.2556	0.2043	12.711	116	0.255	2026-09-28T06:22:43+08:00
8R5N_1	af2_nomsa	8.0	30	30	31	0.2716	0.203	11.446	265	0.255	2026-09-28T06:22:43+08:00
30JI_1	af2_nomsa	4.0	20	20	28	0.2246	0.1646	13.724	165	0.288	2026-09-28T06:22:59+08:00
30JI_1	af2_nomsa	5.0	24	24	28	0.2425	0.1784	13.525	194	0.288	2026-09-28T06:22:59+08:00
30JI_1	af2_nomsa	6.0	32	32	28	0.2561	0.1939	13.647	273	0.288	2026-09-28T06:22:59+08:00
30JI_1	af2_nomsa	8.0	57	57	28	0.2722	0.2052	14.342	480	0.288	2026-09-28T06:22:59+08:00
8JQU_1	af2_nomsa	4.0	23	23	32	0.2026	0.087	14.041	158	0.313	2026-09-28T06:23:02+08:00
8JQU_1	af2_nomsa	5.0	30	30	32	0.2058	0.0973	13.475	205	0.313	2026-09-28T06:23:02+08:00
8JQU_1	af2_nomsa	6.0	34	34	32	0.2082	0.093	13.059	237	0.313	2026-09-28T06:23:02+08:00
8JQU_1	af2_nomsa	8.0	51	51	32	0.234	0.0981	11.858	362	0.313	2026-09-28T06:23:02+08:00
8POR_1	af2_nomsa	4.0	18	18	46	0.3005	0.161	9.423	153	0.391	2026-09-28T06:23:07+08:00
8POR_1	af2_nomsa	5.0	21	21	46	0.283	0.1438	9.276	170	0.391	2026-09-28T06:23:07+08:00
8POR_1	af2_nomsa	6.0	25	25	46	0.2736	0.1268	12.384	200	0.391	2026-09-28T06:23:07+08:00
8POR_1	af2_nomsa	8.0	47	47	46	0.3116	0.1408	13.407	363	0.391	2026-09-28T06:23:07+08:00
8POR_1	af2_msa_notmpl	4.0	18	18	46	0.9303	0.7991	1.179	153	0.904	2026-09-28T06:23:21+08:00
8POR_1	af2_msa_notmpl	5.0	21	21	46	0.9305	0.8102	1.158	170	0.904	2026-09-28T06:23:21+08:00
8POR_1	af2_msa_notmpl	6.0	25	25	46	0.9221	0.8016	1.44	200	0.904	2026-09-28T06:23:21+08:00
8POR_1	af2_msa_notmpl	8.0	47	47	46	0.9258	0.8372	1.468	363	0.904	2026-09-28T06:23:21+08:00
8JQU_1	af2_msa_notmpl	4.0	23	23	32	0.9418	0.9031	0.769	158	0.941	2026-09-28T06:23:23+08:00
8JQU_1	af2_msa_notmpl	5.0	30	30	32	0.9221	0.8825	1.649	205	0.941	2026-09-28T06:23:23+08:00
8JQU_1	af2_msa_notmpl	6.0	34	34	32	0.9246	0.8831	1.569	237	0.941	2026-09-28T06:23:23+08:00
8JQU_1	af2_msa_notmpl	8.0	51	51	32	0.9192	0.8798	1.593	362	0.941	2026-09-28T06:23:23+08:00
30JI_1	af2_msa_notmpl	4.0	20	20	28	0.8518	0.8263	1.2	165	0.899	2026-09-28T06:23:24+08:00
30JI_1	af2_msa_notmpl	5.0	24	24	28	0.8667	0.8399	1.156	194	0.899	2026-09-28T06:23:24+08:00
30JI_1	af2_msa_notmpl	6.0	32	32	28	0.8672	0.8404	1.298	273	0.899	2026-09-28T06:23:24+08:00
30JI_1	af2_msa_notmpl	8.0	57	57	28	0.8707	0.8352	1.463	480	0.899	2026-09-28T06:23:24+08:00
8R5N_1	af2_msa_notmpl	4.0	10	10	31	0.9722	0.775	0.92	100	0.972	2026-09-28T06:23:25+08:00
8R5N_1	af2_msa_notmpl	5.0	11	11	31	0.9704	0.7844	0.892	108	0.972	2026-09-28T06:23:25+08:00
8R5N_1	af2_msa_notmpl	6.0	12	12	31	0.9719	0.7979	0.869	116	0.972	2026-09-28T06:23:25+08:00
8R5N_1	af2_msa_notmpl	8.0	30	30	31	0.969	0.843	1.053	265	0.972	2026-09-28T06:23:25+08:00
37JY_1	af2_msa_notmpl	4.0	9	9	42	0.9433	0.904	1.214	74	0.94	2026-09-28T06:23:26+08:00
37JY_1	af2_msa_notmpl	5.0	11	11	42	0.9454	0.9045	1.179	89	0.94	2026-09-28T06:23:26+08:00
37JY_1	af2_msa_notmpl	6.0	17	17	42	0.9454	0.9032	1.124	139	0.94	2026-09-28T06:23:26+08:00
37JY_1	af2_msa_notmpl	8.0	33	33	42	0.9505	0.9065	1.076	257	0.94	2026-09-28T06:23:26+08:00
10JX_1	af2_msa_notmpl	4.0	17	17	43	0.8901	0.8012	1.645	140	0.903	2026-09-28T06:23:27+08:00
10JX_1	af2_msa_notmpl	5.0	23	23	43	0.9035	0.8252	1.499	187	0.903	2026-09-28T06:23:27+08:00
10JX_1	af2_msa_notmpl	6.0	24	24	43	0.9069	0.83	1.469	195	0.903	2026-09-28T06:23:27+08:00
10JX_1	af2_msa_notmpl	8.0	56	56	43	0.8853	0.8127	2.177	441	0.903	2026-09-28T06:23:27+08:00
29LW_1	af2_msa_notmpl	4.0	21	21	31	0.9514	0.86	1.189	180	0.95	2026-09-28T06:23:28+08:00
29LW_1	af2_msa_notmpl	5.0	24	24	31	0.9513	0.8598	1.237	201	0.95	2026-09-28T06:23:28+08:00
29LW_1	af2_msa_notmpl	6.0	33	33	31	0.9545	0.868	1.272	269	0.95	2026-09-28T06:23:28+08:00
29LW_1	af2_msa_notmpl	8.0	56	56	31	0.9552	0.873	1.289	469	0.95	2026-09-28T06:23:28+08:00
35TM_1	af2_msa_notmpl	4.0	21	21	36	0.9254	0.882	0.97	195	0.858	2026-09-28T06:23:29+08:00
35TM_1	af2_msa_notmpl	5.0	24	24	36	0.912	0.8721	1.009	222	0.858	2026-09-28T06:23:29+08:00
35TM_1	af2_msa_notmpl	6.0	35	35	36	0.9168	0.8788	0.958	315	0.858	2026-09-28T06:23:29+08:00
35TM_1	af2_msa_notmpl	8.0	66	66	36	0.8902	0.8523	5.466	566	0.858	2026-09-28T06:23:29+08:00
8RCY_1	af2_msa_notmpl	4.0	10	10	24	0.9749	0.9319	0.844	84	0.951	2026-09-28T06:23:30+08:00
8RCY_1	af2_msa_notmpl	5.0	12	12	24	0.9777	0.9374	0.797	97	0.951	2026-09-28T06:23:30+08:00
8RCY_1	af2_msa_notmpl	6.0	18	18	24	0.9829	0.9396	0.941	151	0.951	2026-09-28T06:23:30+08:00
8RCY_1	af2_msa_notmpl	8.0	29	29	24	0.9768	0.9378	0.826	240	0.951	2026-09-28T06:23:30+08:00
44ID_1	af2_msa_notmpl	4.0	13	13	21	0.9203	0.8359	1.12	110	0.928	2026-09-28T06:23:31+08:00
44ID_1	af2_msa_notmpl	5.0	23	23	21	0.9064	0.8283	1.15	184	0.928	2026-09-28T06:23:31+08:00
44ID_1	af2_msa_notmpl	6.0	28	28	21	0.9083	0.8019	1.131	215	0.928	2026-09-28T06:23:31+08:00
44ID_1	af2_msa_notmpl	8.0	54	54	21	0.9197	0.803	1.188	425	0.928	2026-09-28T06:23:31+08:00
8PWC_1	af2_msa_notmpl	4.0	15	15	41	0.8287	0.7315	2.273	132	0.892	2026-09-28T06:23:32+08:00
8PWC_1	af2_msa_notmpl	5.0	17	17	41	0.8426	0.7513	2.173	151	0.892	2026-09-28T06:23:32+08:00
8PWC_1	af2_msa_notmpl	6.0	26	26	41	0.8394	0.7512	2.359	225	0.892	2026-09-28T06:23:32+08:00
8PWC_1	af2_msa_notmpl	8.0	44	44	41	0.8315	0.7453	2.728	377	0.892	2026-09-28T06:23:32+08:00
8KBM_1	af2_msa_notmpl	4.0	12	12	46	0.9463	0.8575	1.659	100	0.928	2026-09-28T06:23:33+08:00
8KBM_1	af2_msa_notmpl	5.0	13	13	46	0.9499	0.8636	1.582	112	0.928	2026-09-28T06:23:33+08:00
8KBM_1	af2_msa_notmpl	6.0	15	15	46	0.956	0.8729	1.493	127	0.928	2026-09-28T06:23:33+08:00
8KBM_1	af2_msa_notmpl	8.0	25	25	46	0.9439	0.8762	1.351	201	0.928	2026-09-28T06:23:33+08:00
36IQ_1	af2_msa_notmpl	4.0	17	17	39	0.9598	0.8442	1.507	150	0.959	2026-09-28T06:23:33+08:00
36IQ_1	af2_msa_notmpl	5.0	20	20	39	0.9604	0.8467	1.573	169	0.959	2026-09-28T06:23:33+08:00
36IQ_1	af2_msa_notmpl	6.0	24	24	39	0.9573	0.8545	1.502	191	0.959	2026-09-28T06:23:33+08:00
36IQ_1	af2_msa_notmpl	8.0	53	53	39	0.9646	0.8707	1.306	406	0.959	2026-09-28T06:23:33+08:00
8POR_1	af2_msa_tmpl	4.0	18	18	46	0.9431	0.8834	1.115	153	0.907	2026-09-28T06:23:36+08:00
8POR_1	af2_msa_tmpl	5.0	21	21	46	0.9415	0.886	1.105	170	0.907	2026-09-28T06:23:36+08:00
8POR_1	af2_msa_tmpl	6.0	25	25	46	0.9349	0.8736	1.443	200	0.907	2026-09-28T06:23:36+08:00
8POR_1	af2_msa_tmpl	8.0	47	47	46	0.9341	0.8835	1.466	363	0.907	2026-09-28T06:23:36+08:00
30JI_1	af2_msa_tmpl	4.0	20	20	28	0.854	0.7984	1.172	165	0.908	2026-09-28T06:23:37+08:00
30JI_1	af2_msa_tmpl	5.0	24	24	28	0.869	0.815	1.128	194	0.908	2026-09-28T06:23:37+08:00
30JI_1	af2_msa_tmpl	6.0	32	32	28	0.8729	0.8242	1.206	273	0.908	2026-09-28T06:23:37+08:00
30JI_1	af2_msa_tmpl	8.0	57	57	28	0.877	0.8134	1.353	480	0.908	2026-09-28T06:23:37+08:00
37JY_1	af2_msa_tmpl	4.0	9	9	42	0.9343	0.912	1.173	74	0.938	2026-09-28T06:23:39+08:00
37JY_1	af2_msa_tmpl	5.0	11	11	42	0.9359	0.9106	1.148	89	0.938	2026-09-28T06:23:39+08:00
37JY_1	af2_msa_tmpl	6.0	17	17	42	0.9404	0.9077	1.103	139	0.938	2026-09-28T06:23:39+08:00
37JY_1	af2_msa_tmpl	8.0	33	33	42	0.95	0.9102	1.083	257	0.938	2026-09-28T06:23:39+08:00
8PWC_1	af2_msa_tmpl	4.0	15	15	41	0.8399	0.7471	2.114	132	0.9	2026-09-28T06:23:41+08:00
8PWC_1	af2_msa_tmpl	5.0	17	17	41	0.854	0.7664	2.024	151	0.9	2026-09-28T06:23:41+08:00
8PWC_1	af2_msa_tmpl	6.0	26	26	41	0.854	0.766	2.249	225	0.9	2026-09-28T06:23:41+08:00
8PWC_1	af2_msa_tmpl	8.0	44	44	41	0.8462	0.7593	2.627	377	0.9	2026-09-28T06:23:41+08:00
36IQ_1	af2_msa_tmpl	4.0	17	17	39	0.9591	0.8439	1.503	150	0.959	2026-09-28T06:23:43+08:00
36IQ_1	af2_msa_tmpl	5.0	20	20	39	0.9597	0.8465	1.571	169	0.959	2026-09-28T06:23:43+08:00
36IQ_1	af2_msa_tmpl	6.0	24	24	39	0.957	0.8543	1.5	191	0.959	2026-09-28T06:23:43+08:00
36IQ_1	af2_msa_tmpl	8.0	53	53	39	0.9645	0.8706	1.305	406	0.959	2026-09-28T06:23:43+08:00
8R5N_1	af2_msa_tmpl	4.0	10	10	31	0.9727	0.7754	1.174	100	0.972	2026-09-28T06:23:49+08:00
8R5N_1	af2_msa_tmpl	5.0	11	11	31	0.9708	0.7849	1.139	108	0.972	2026-09-28T06:23:49+08:00
8R5N_1	af2_msa_tmpl	6.0	12	12	31	0.9723	0.7983	1.108	116	0.972	2026-09-28T06:23:49+08:00
8R5N_1	af2_msa_tmpl	8.0	30	30	31	0.9698	0.8439	1.147	265	0.972	2026-09-28T06:23:49+08:00
