target_id	arm	model	seed	status	reason	sequence_length	n_residues_compared	lddt_ca	lddt_all_atom	tm_score	gdt_ts	gdt_ha	rmsd_ca	pocket_lddt_ca	pocket_rmsd_all_atom	pocket_radius	pocket_n_residues	mean_plddt	ptm	model_clashes	model_bad_bonds	model_bad_angles	inconsistent_residues	ost_version	recorded
10AF_1	null_template	none		ok		179	170	0.999	0.966	0.999	1.0	0.9985	0.14			5.0				0	0	0	2	2.12.0	2026-09-26T05:47:13+08:00
10AF_1	null_unrelated	none		ok		179	12	0.006	0.003	0.311	0.0441	0.0324	5.435			5.0				0	1	0	7	2.12.0	2026-09-26T05:47:17+08:00
10CX_1	null_unrelated	none		ok		179	29	0.021	0.013	0.268	0.0517	0.0349	10.851			5.0				0	0	0	18	2.12.0	2026-09-26T05:47:20+08:00
10DA_1	null_template	none		ok		155	124	0.182	0.148	0.213	0.8247	0.6997	0.81			5.0				0	0	0	39	2.12.0	2026-09-26T05:47:22+08:00
10DA_1	null_unrelated	none		ok		155	0	0.0	0.0	0.128	0.0521	0.033	0.0			5.0				0	0	0	0	2.12.0	2026-09-26T05:47:25+08:00
10FS_1	null_template	none		ok		172	171	0.926	0.879	0.931	0.8605	0.6977	1.529			5.0				0	0	0	1	2.12.0	2026-09-26T05:47:29+08:00
10FS_1	null_unrelated	none		ok		172	12	0.009	0.004	0.223	0.0538	0.0436	0.0			5.0				0	0	0	8	2.12.0	2026-09-26T05:47:33+08:00
10JX_1	null_unrelated	none		ok		145	0	0.0	0.0	0.149	0.0737	0.0665	0.0		12.088	5.0	23			0	0	0	0	2.12.0	2026-09-26T05:47:35+08:00
10UT_1	null_template	none		ok		156	49	0.028	0.016	0.332	0.042	0.0383	19.808			5.0				0	16	0	34	2.12.0	2026-09-26T05:47:39+08:00
10UT_1	null_unrelated	none		ok		156	25	0.009	0.004	0.278	0.0675	0.0456	9.374			5.0				0	0	0	19	2.12.0	2026-09-26T05:47:43+08:00
10UV_1	null_unrelated	none		ok		140	0	0.0	0.0	0.135	0.0894	0.0529	0.0			5.0				0	0	0	0	2.12.0	2026-09-26T05:47:45+08:00
10UW_1	null_template	none		ok		160	258	0.067	0.038	0.202	0.1318	0.0873	29.413			5.0				0	0	0	192	2.12.0	2026-09-26T05:47:47+08:00
10UW_1	null_unrelated	none		ok		160	55	0.01	0.006	0.104	0.0771	0.0497	14.666			5.0				0	0	0	42	2.12.0	2026-09-26T05:47:53+08:00
10UX_1	null_template	none		ok		167	0	0.0	0.0	0.253	0.0833	0.0561	0.0			5.0				0	5	0	0	2.12.0	2026-09-26T05:47:57+08:00
10UX_1	null_unrelated	none		ok		167	20	0.003	0.002	0.084	0.0493	0.0357	14.592			5.0				0	0	0	11	2.12.0	2026-09-26T05:48:05+08:00
10XE_1	null_unrelated	none		ok		91	27	0.021	0.013	0.238	0.1429	0.0962	7.0			5.0				0	0	0	18	2.12.0	2026-09-26T05:48:09+08:00
10XG_1	null_unrelated	none		ok		97	7	0.008	0.004	0.414	0.05	0.0333	0.0			5.0				0	0	0	4	2.12.0	2026-09-26T05:48:13+08:00
10XH_1	null_unrelated	none		ok		93	167	0.178	0.099	0.306	0.2056	0.1306	63.396			5.0				0	48	0	128	2.12.0	2026-09-26T05:48:15+08:00
11CH_1	null_template	none		ok		146	131	0.52	0.34	0.842	0.5951	0.463	8.014			5.0				0	0	0	83	2.12.0	2026-09-26T05:49:37+08:00
11CH_1	null_unrelated	none		ok		146	10	0.005	0.003	0.341	0.0299	0.0211	0.0			5.0				0	0	0	4	2.12.0	2026-09-26T05:49:41+08:00
11OW_1	null_unrelated	none		ok		121	26	0.007	0.004	0.26	0.0458	0.025	0.0			5.0				0	0	0	16	2.12.0	2026-09-26T05:49:44+08:00
12FA_1	null_template	none		ok		104	95	0.86	0.561	0.741	0.7191	0.518	2.153			5.0				0	1	0	58	2.12.0	2026-09-26T05:49:47+08:00
12FA_1	null_unrelated	none		ok		104	92	0.446	0.263	0.537	0.2371	0.1727	0.0			5.0				0	0	0	65	2.12.0	2026-09-26T05:49:49+08:00
12HP_1	null_template	none		ok		120	542	0.231	0.139	0.214	0.0366	0.0259	29.514			5.0				2	0	0	378	2.12.0	2026-09-26T05:49:53+08:00
12HP_1	null_unrelated	none		ok		120	19	0.002	0.001	0.101	0.0668	0.0496	4.223			5.0				0	0	0	15	2.12.0	2026-09-26T05:50:08+08:00
12IS_1	null_template	none		ok		146	37	0.052	0.026	0.351	0.0882	0.0567	16.136			5.0				0	0	0	28	2.12.0	2026-09-26T05:50:13+08:00
12IS_1	null_unrelated	none		ok		146	0	0.0	0.0	0.257	0.1408	0.1008	0.0			5.0				0	0	0	0	2.12.0	2026-09-26T05:50:16+08:00
12XX_1	null_template	none		ok		146	118	0.249	0.174	0.351	0.5885	0.4583	10.547			5.0				0	0	0	87	2.12.0	2026-09-26T05:50:18+08:00
12XX_1	null_unrelated	none		ok		146	35	0.016	0.009	0.289	0.0556	0.033	18.994			5.0				0	0	0	25	2.12.0	2026-09-26T05:50:21+08:00
13EE_1	null_template	none		ok		161	287	0.62	0.585	0.372	0.723	0.6182	20.861			5.0				0	0	0	0	2.12.0	2026-09-26T05:50:24+08:00
13EE_1	null_unrelated	none		ok		161	52	0.02	0.011	0.196	0.0709	0.0456	19.359			5.0				0	0	0	36	2.12.0	2026-09-26T05:50:28+08:00
13TX_1	null_template	none		ok		97	162	0.974	0.894	0.982	1.0	0.9613	0.712			5.0				0	0	0	0	2.12.0	2026-09-26T05:50:31+08:00
13TX_1	null_unrelated	none		ok		97	68	0.061	0.034	0.181	0.119	0.0804	6.487			5.0				0	0	0	50	2.12.0	2026-09-26T05:50:33+08:00
21EJ_1	null_template	none		ok		118	234	0.989	0.972	0.991	0.9957	0.9915	0.182			5.0				0	0	0	0	2.12.0	2026-09-26T05:50:35+08:00
21EJ_1	null_unrelated	none		ok		118	86	0.054	0.031	0.202	0.1111	0.062	15.13			5.0				0	0	0	61	2.12.0	2026-09-26T05:50:38+08:00
21LR_1	null_template	none		ok		174	168	0.968	0.914	0.97	0.9711	0.9711	0.18			5.0				0	0	0	6	2.12.0	2026-09-26T05:50:40+08:00
21LR_1	null_unrelated	none		ok		174	0	0.0	0.0	0.249	0.0376	0.0303	0.0			5.0				0	0	0	0	2.12.0	2026-09-26T05:50:42+08:00
21NG_1	null_unrelated	none		ok		85	55	0.055	0.03	0.232	0.1506	0.0934	11.872			5.0				0	0	0	43	2.12.0	2026-09-26T05:50:45+08:00
22FG_1	null_template	none		ok		122	120	0.731	0.522	0.84	0.7889	0.5902	3.002			5.0				0	0	0	71	2.12.0	2026-09-26T05:50:47+08:00
22FG_1	null_unrelated	none		ok		122	0	0.0	0.0	0.31	0.1148	0.0861	0.0			5.0				0	0	0	0	2.12.0	2026-09-26T05:50:49+08:00
22FK_1	null_template	none		ok		106	210	0.374	0.35	0.396	0.9906	0.9858	0.481			5.0				0	0	0	10	2.12.0	2026-09-26T05:50:51+08:00
22FK_1	null_unrelated	none		ok		106	219	0.074	0.04	0.225	0.0	0.0	0.0			5.0				30	31	13	151	2.12.0	2026-09-26T05:50:55+08:00
22LX_1	null_unrelated	none		ok		153	18	0.015	0.01	0.245	0.0582	0.0411	10.84			5.0				0	0	0	15	2.12.0	2026-09-26T05:51:46+08:00
24MP_1	null_template	none		ok		173	316	0.859	0.722	0.585	0.8997	0.7799	10.88			5.0				0	0	0	110	2.12.0	2026-09-26T05:51:48+08:00
24MP_1	null_unrelated	none		ok		173	11	0.002	0.001	0.271	0.0195	0.012	0.0			5.0				0	0	0	8	2.12.0	2026-09-26T05:51:53+08:00
26AO_1	null_template	none		ok		170	163	0.461	0.421	0.478	0.9482	0.9186	0.354			5.0				0	1	0	0	2.12.0	2026-09-26T05:51:57+08:00
26AO_1	null_unrelated	none		ok		170	50	0.017	0.009	0.267	0.068	0.0503	12.755			5.0				0	0	0	40	2.12.0	2026-09-26T05:52:01+08:00
26JK_1	null_template	none		ok		158	139	0.715	0.549	0.815	0.7896	0.6725	1.946			5.0				0	1	0	73	2.12.0	2026-09-26T05:52:07+08:00
26JK_1	null_unrelated	none		ok		158	104	0.132	0.071	0.25	0.125	0.0744	15.18			5.0				0	0	0	79	2.12.0	2026-09-26T05:52:09+08:00
26RW_1	null_template	none		ok		170	155	0.692	0.58	0.836	0.7371	0.521	2.458			5.0				0	0	0	2	2.12.0	2026-09-26T05:52:12+08:00
26RW_1	null_unrelated	none		ok		170	6	0.003	0.001	0.294	0.0065	0.0065	1.555			5.0				0	0	0	4	2.12.0	2026-09-26T05:52:14+08:00
27AA_1	null_template	none		ok		166	664	0.981	0.94	0.997	0.9985	0.9684	0.458			5.0				0	0	0	0	2.12.0	2026-09-26T05:52:17+08:00
27AA_1	null_unrelated	none		ok		166	107	0.017	0.01	0.216	0.0557	0.0392	27.2			5.0				0	0	0	81	2.12.0	2026-09-26T05:52:25+08:00
27AH_1	null_unrelated	none		ok		82	0	0.0	0.0	0.175	0.2256	0.1768	0.0			5.0				0	0	0	0	2.12.0	2026-09-26T05:52:32+08:00
27JK_1	null_unrelated	none		ok		137	22	0.019	0.011	0.238	0.062	0.0438	7.758			5.0				0	0	0	16	2.12.0	2026-09-26T05:52:34+08:00
27WO_1	null_template	none		ok		81	65	0.146	0.086	0.875	0.1594	0.0906	1.918			5.0				0	0	0	51	2.12.0	2026-09-26T05:52:36+08:00
27WO_1	null_unrelated	none		ok		81	0	0.0	0.0	0.344	0.0813	0.05	0.0			5.0				0	0	0	0	2.12.0	2026-09-26T05:52:42+08:00
28DB_1	null_template	none		ok		161	258	0.16	0.091	0.26	0.1103	0.068	23.246			5.0				0	0	0	194	2.12.0	2026-09-26T05:52:44+08:00
28DB_1	null_unrelated	none		ok		161	0	0.0	0.0	0.191	0.0221	0.0221	0.0			5.0				0	0	0	0	2.12.0	2026-09-26T05:52:48+08:00
29LI_1	null_template	none		ok		123	118	0.903	0.759	0.928	0.9364	0.7881	1.427			5.0				0	0	0	31	2.12.0	2026-09-26T05:52:51+08:00
29LI_1	null_unrelated	none		ok		123	20	0.018	0.011	0.301	0.0678	0.0381	0.526			5.0				0	0	1	15	2.12.0	2026-09-26T05:52:53+08:00
29LW_1	null_template	none		ok		142	268	0.964	0.899	0.981	0.9888	0.9571	1.027	0.982	12.118	5.0	24			0	0	0	0	2.12.0	2026-09-26T05:52:56+08:00
29LW_1	null_unrelated	none		ok		142	20	0.017	0.009	0.178	0.1175	0.1007	14.963	0.476	13.079	5.0	24			0	0	0	15	2.12.0	2026-09-26T05:53:00+08:00
30JI_1	null_template	none		ok		173	167	0.891	0.83	0.931	0.9162	0.8092	1.298	0.9056	12.073	5.0	24			0	0	0	0	2.12.0	2026-09-26T05:53:04+08:00
30JI_1	null_unrelated	none		ok		173	0	0.0	0.0	0.315	0.0723	0.0636	0.0		15.013	5.0	24			0	0	1	0	2.12.0	2026-09-26T05:53:06+08:00
31KJ_1	null_unrelated	none		ok		99	17	0.011	0.004	0.25	0.0755	0.0599	13.201			5.0				0	1	0	13	2.12.0	2026-09-26T05:53:10+08:00
32JG_1	null_template	none		ok		145	170	0.107	0.063	0.44	0.1457	0.0827	18.267			5.0				0	0	0	130	2.12.0	2026-09-26T05:53:13+08:00
32JG_1	null_unrelated	none		ok		145	65	0.025	0.015	0.281	0.0807	0.0571	0.0			5.0				0	0	0	51	2.12.0	2026-09-26T05:53:19+08:00
32OA_1	null_template	none		ok		152	149	0.989	0.957	0.99	0.9933	0.9833	0.259			5.0				0	0	0	0	2.12.0	2026-09-26T05:53:23+08:00
32OA_1	null_unrelated	none		ok		152	85	0.094	0.052	0.272	0.0867	0.0517	15.014			5.0				0	0	0	64	2.12.0	2026-09-26T05:53:25+08:00
32QT_1	null_template	none		ok		153	152	0.953	0.894	0.944	0.9199	0.7958	1.085			5.0				0	0	0	0	2.12.0	2026-09-26T05:53:28+08:00
32QT_1	null_unrelated	none		ok		153	17	0.015	0.01	0.305	0.0556	0.0343	4.99			5.0				0	1	0	11	2.12.0	2026-09-26T05:53:30+08:00
35TM_1	null_template	none		ok		139	254	0.25	0.144	0.252	0.3188	0.2536	99.903		15.114	5.0	24			0	48	0	180	2.12.0	2026-09-26T05:53:33+08:00
35TM_1	null_unrelated	none		ok		139	0	0.0	0.0	0.184	0.0435	0.029	0.0		11.424	5.0	24			0	0	0	0	2.12.0	2026-09-26T05:55:18+08:00
36IQ_1	null_unrelated	none		ok		98	18	0.019	0.012	0.283	0.0989	0.0989	18.994		9.22	5.0	20			0	0	0	12	2.12.0	2026-09-26T05:55:21+08:00
36IW_1	null_template	none		ok		128	21	0.02	0.009	0.827	0.0	0.0	0.0			5.0				30	31	13	18	2.12.0	2026-09-26T05:55:24+08:00
36IW_1	null_unrelated	none		ok		128	81	0.179	0.102	0.343	0.0864	0.0584	4.561			5.0				0	21	0	65	2.12.0	2026-09-26T05:56:03+08:00
36MB_1	null_unrelated	none		ok		83	133	0.073	0.042	0.218	0.2089	0.1329	15.836			5.0				0	0	0	100	2.12.0	2026-09-26T05:56:08+08:00
37JY_1	null_unrelated	none		ok		147	333	0.066	0.038	0.296	0.1344	0.0935	24.433	0.2543	7.625	5.0	11			0	16	2	264	2.12.0	2026-09-26T05:56:11+08:00
38LI_1	null_template	none		ok		130	0	0.0	0.0	0.177	0.0328	0.0205	0.0			5.0				0	1	0	0	2.12.0	2026-09-26T05:56:25+08:00
38LI_1	null_unrelated	none		ok		130	12	0.003	0.002	0.193	0.1189	0.0799	9.045			5.0				0	0	0	8	2.12.0	2026-09-26T05:56:30+08:00
44ID_1	null_template	none		ok		120	113	0.385	0.364	0.484	0.9292	0.781	1.061	0.7708	1.401	5.0	23			0	0	0	2	2.12.0	2026-09-26T05:56:35+08:00
44ID_1	null_unrelated	none		ok		120	60	0.04	0.023	0.17	0.1305	0.104	15.565	0.1495	12.312	5.0	23			0	0	0	41	2.12.0	2026-09-26T05:56:37+08:00
7H47_1	null_template	none		ok		150	139	0.96	0.92	0.975	0.9732	0.9357	0.739			5.0				0	0	0	3	2.12.0	2026-09-26T05:56:41+08:00
7H47_1	null_unrelated	none		ok		150	0	0.0	0.0	0.326	0.0464	0.0393	0.0			5.0				0	1	1	0	2.12.0	2026-09-26T05:56:44+08:00
7HI9_1	null_template	none		ok		173	165	0.908	0.876	0.967	0.0	0.0	1.179			5.0				0	0	0	0	2.12.0	2026-09-26T05:56:53+08:00
7HI9_1	null_unrelated	none		ok		173	0	0.0	0.0	0.226	0.0439	0.0263	0.0			5.0				0	1	0	0	2.12.0	2026-09-26T05:56:56+08:00
8JMY_1	null_unrelated	none		ok		129	0	0.0	0.0	0.253	0.041	0.0312	0.0			5.0				0	0	0	0	2.12.0	2026-09-26T05:56:58+08:00
8JN0_1	null_template	none		ok		89	80	0.394	0.258	0.601	0.4831	0.368	9.607			5.0				0	0	0	56	2.12.0	2026-09-26T05:57:02+08:00
8JN0_1	null_unrelated	none		ok		89	0	0.0	0.0	0.377	0.1404	0.0871	0.0			5.0				0	0	0	0	2.12.0	2026-09-26T05:57:05+08:00
8JNB_1	null_template	none		ok		94	73	0.214	0.117	0.369	0.1574	0.108	7.762			5.0				3	2	1	52	2.12.0	2026-09-26T05:57:08+08:00
8JNB_1	null_unrelated	none		ok		94	0	0.0	0.0	0.604	0.1204	0.0802	0.0			5.0				0	1	0	0	2.12.0	2026-09-26T05:57:13+08:00
8JQU_1	null_template	none		ok		175	164	0.756	0.661	0.878	0.7698	0.5488	1.956	0.7826	5.248	5.0	30			0	0	0	0	2.12.0	2026-09-26T05:57:15+08:00
8JQU_1	null_unrelated	none		ok		175	142	0.166	0.099	0.373	0.1341	0.0701	11.555	0.2252	11.516	5.0	30			0	0	0	104	2.12.0	2026-09-26T05:57:18+08:00
8JU7_1	null_unrelated	none		ok		105	150	0.173	0.089	0.322	0.2043	0.1298	18.567			5.0				0	16	0	114	2.12.0	2026-09-26T05:57:21+08:00
8JU8_1	null_unrelated	none		ok		139	130	0.227	0.141	0.534	0.1906	0.1295	16.938			5.0				0	0	0	87	2.12.0	2026-09-26T05:57:26+08:00
8JUC_1	null_template	none		ok		156	152	0.998	0.975	0.998	1.0	0.9967	0.186			5.0				0	0	0	0	2.12.0	2026-09-26T05:57:28+08:00
8JUC_1	null_unrelated	none		ok		156	12	0.016	0.009	0.289	0.0658	0.0609	2.182			5.0				0	21	0	9	2.12.0	2026-09-26T05:57:31+08:00
8JWD_1	null_template	none		ok		148	13	0.013	0.007	0.398	0.0589	0.0346	19.123			5.0				0	0	0	11	2.12.0	2026-09-26T05:57:34+08:00
8JWD_1	null_unrelated	none		ok		148	79	0.149	0.092	0.355	0.1748	0.1341	15.851			5.0				0	0	0	55	2.12.0	2026-09-26T05:57:36+08:00
8JWS_1	null_template	none		ok		127	112	0.129	0.08	0.273	0.5449	0.3761	7.187			5.0				0	0	0	76	2.12.0	2026-09-26T05:57:39+08:00
8JWS_1	null_unrelated	none		ok		127	13	0.003	0.002	0.225	0.0085	0.0085	15.396			5.0				0	0	0	12	2.12.0	2026-09-26T05:57:41+08:00
8JYI_1	null_template	none		ok		151	144	0.997	0.963	0.997	0.9983	0.9861	0.255			5.0				0	0	0	0	2.12.0	2026-09-26T05:57:45+08:00
8JYI_1	null_unrelated	none		ok		151	51	0.041	0.024	0.354	0.0677	0.0486	14.484			5.0				0	0	0	39	2.12.0	2026-09-26T05:57:48+08:00
8JZA_1	null_template	none		ok		134	32	0.031	0.015	0.893	0.0728	0.0551	1.933			5.0				0	1	0	24	2.12.0	2026-09-26T05:57:50+08:00
8JZA_1	null_unrelated	none		ok		134	104	0.16	0.101	0.306	0.1083	0.0669	16.72			5.0				0	0	0	75	2.12.0	2026-09-26T05:57:52+08:00
8K1W_1	null_template	none		ok		125	112	0.827	0.71	0.882	0.8792	0.7625	1.38			5.0				0	0	0	42	2.12.0	2026-09-26T05:57:57+08:00
8K1W_1	null_unrelated	none		ok		125	0	0.0	0.0	0.276	0.0333	0.0333	0.0			5.0				0	1	0	0	2.12.0	2026-09-26T05:57:59+08:00
8K4I_1	null_template	none		ok		163	162	0.908	0.711	0.946	0.8344	0.658	1.09			5.0				0	0	0	58	2.12.0	2026-09-26T05:58:01+08:00
8K4I_1	null_unrelated	none		ok		163	0	0.0	0.0	0.334	0.0445	0.0307	0.0			5.0				0	0	0	0	2.12.0	2026-09-26T05:58:05+08:00
8K4M_1	null_template	none		ok		137	120	0.173	0.101	0.86	0.121	0.0766	2.117			5.0				0	0	0	90	2.12.0	2026-09-26T05:58:08+08:00
8K4M_1	null_unrelated	none		ok		137	113	0.169	0.087	0.321	0.129	0.0847	25.396			5.0				0	0	0	85	2.12.0	2026-09-26T05:58:13+08:00
8K6G_1	null_template	none		ok		160	1560	0.989	0.966	0.998	0.9728	0.9519	0.517			5.0				0	2	5	0	2.12.0	2026-09-26T05:58:16+08:00
8K6G_1	null_unrelated	none		ok		160	48	0.003	0.002	0.092	0.0673	0.0433	0.0			5.0				0	1	1	38	2.12.0	2026-09-26T05:58:46+08:00
8K75_1	null_template	none		ok		141	122	0.704	0.477	0.867	0.5565	0.4597	6.056			5.0				0	2	1	77	2.12.0	2026-09-26T05:58:56+08:00
8K75_1	null_unrelated	none		ok		141	9	0.007	0.003	0.266	0.0565	0.0464	10.117			5.0				0	0	0	6	2.12.0	2026-09-26T05:58:58+08:00
8K84_1	null_unrelated	none		ok		177	122	0.078	0.049	0.255	0.1243	0.0882	16.714			5.0				0	1	0	93	2.12.0	2026-09-26T05:59:03+08:00
8K9N_1	null_template	none		ok		126	125	0.968	0.927	0.985	0.992	0.914	0.522			5.0				0	0	0	0	2.12.0	2026-09-26T05:59:07+08:00
8K9N_1	null_unrelated	none		ok		126	53	0.053	0.034	0.393	0.112	0.064	14.7			5.0				0	0	0	37	2.12.0	2026-09-26T05:59:09+08:00
8KA7_1	null_unrelated	none		ok		124	0	0.0	0.0	0.295	0.05	0.0457	0.0			5.0				0	0	0	0	2.12.0	2026-09-26T05:59:15+08:00
8KAA_1	null_template	none		ok		151	79	0.058	0.029	0.291	0.0981	0.0577	12.061			5.0				0	8	0	58	2.12.0	2026-09-26T05:59:17+08:00
8KAA_1	null_unrelated	none		ok		151	6	0.002	0.002	0.289	0.0462	0.0423	0.585			5.0				0	0	0	4	2.12.0	2026-09-26T05:59:20+08:00
8KAC_1	null_unrelated	none		ok		129	0	0.0	0.0	0.297	0.0599	0.0372	0.0			5.0				0	0	1	0	2.12.0	2026-09-26T05:59:25+08:00
8KBM_1	null_unrelated	none		ok		104	7	0.003	0.002	0.173	0.0357	0.023	3.91		8.072	5.0	13			0	1	0	5	2.12.0	2026-09-26T05:59:27+08:00
8KC1_1	null_unrelated	none		ok		87	0	0.0	0.0	0.5	0.0693	0.0392	0.0			5.0				0	16	2	0	2.12.0	2026-09-26T05:59:29+08:00
8KHU_1	null_template	none		ok		155	872	0.956	0.929	0.971	0.9823	0.9255	2.678			5.0				0	0	0	1	2.12.0	2026-09-26T05:59:32+08:00
8KHU_1	null_unrelated	none		ok		155	246	0.053	0.028	0.223	0.1152	0.0904	24.975			5.0				0	16	2	192	2.12.0	2026-09-26T05:59:50+08:00
8P91_1	null_template	none		ok		85	67	0.971	0.922	0.972	0.9776	0.9552	0.651			5.0				0	0	0	4	2.12.0	2026-09-26T06:00:01+08:00
8P91_1	null_unrelated	none		ok		85	49	0.156	0.108	0.338	0.1567	0.0896	10.642			5.0				0	0	0	32	2.12.0	2026-09-26T06:00:02+08:00
8PAQ_1	null_unrelated	none		ok		166	33	0.007	0.005	0.27	0.0472	0.0377	18.558			5.0				0	0	0	28	2.12.0	2026-09-26T06:00:05+08:00
8PHN_1	null_template	none		ok		139	119	0.791	0.602	0.861	0.8226	0.6976	2.523			5.0				0	0	0	62	2.12.0	2026-09-26T06:00:10+08:00
8PHN_1	null_unrelated	none		ok		139	41	0.055	0.03	0.29	0.0988	0.0665	11.042			5.0				0	0	0	26	2.12.0	2026-09-26T06:00:12+08:00
8PHX_1	null_template	none		ok		132	124	0.186	0.144	0.292	0.1484	0.1133	1.062			5.0				0	1	0	50	2.12.0	2026-09-26T06:00:14+08:00
8PHX_1	null_unrelated	none		ok		132	168	0.062	0.036	0.168	0.166	0.127	19.501			5.0				0	0	0	125	2.12.0	2026-09-26T06:00:18+08:00
8PHY_1	null_template	none		ok		104	98	0.388	0.273	0.43	0.8131	0.6723	2.585			5.0				0	1	0	58	2.12.0	2026-09-26T06:00:24+08:00
8PHY_1	null_unrelated	none		ok		104	0	0.0	0.0	0.225	0.0728	0.0583	0.0			5.0				0	0	0	0	2.12.0	2026-09-26T06:00:26+08:00
8PJ7_1	null_template	none		ok		148	134	0.843	0.783	0.91	0.8732	0.6957	1.248			5.0				0	0	0	0	2.12.0	2026-09-26T06:00:28+08:00
8PJ7_1	null_unrelated	none		ok		148	38	0.035	0.017	0.241	0.0688	0.0489	13.968			5.0				0	0	0	30	2.12.0	2026-09-26T06:00:31+08:00
8PJQ_1	null_template	none		ok		98	93	0.996	0.955	0.992	0.9973	0.9839	0.319			5.0				0	0	0	0	2.12.0	2026-09-26T06:00:33+08:00
8PJQ_1	null_unrelated	none		ok		98	0	0.0	0.0	0.316	0.1882	0.1425	0.0			5.0				0	0	0	0	2.12.0	2026-09-26T06:00:35+08:00
8PKR_1	null_template	none		ok		128	245	0.757	0.706	0.502	0.9814	0.9215	15.197			5.0				0	0	0	1	2.12.0	2026-09-26T06:00:37+08:00
8PKR_1	null_unrelated	none		ok		128	0	0.0	0.0	0.298	0.0083	0.0083	0.0			5.0				0	0	0	0	2.12.0	2026-09-26T06:00:40+08:00
8PNM_1	null_template	none		ok		116	504	0.35	0.323	0.353	0.9553	0.8342	5.963			5.0				0	0	0	107	2.12.0	2026-09-26T06:00:45+08:00
8PNM_1	null_unrelated	none		ok		116	24	0.004	0.002	0.038	0.1974	0.1684	16.047			5.0				0	2	0	20	2.12.0	2026-09-26T06:00:58+08:00
8POR_1	null_template	none		ok		179	164	0.862	0.595	0.907	0.8742	0.7163	2.628	0.9238	9.0	5.0	21			0	0	0	94	2.12.0	2026-09-26T06:01:01+08:00
8POR_1	null_unrelated	none		ok		179	101	0.116	0.066	0.285	0.089	0.0445	15.319	0.2051	9.999	5.0	21			0	0	0	77	2.12.0	2026-09-26T06:01:02+08:00
8PQM_1	null_template	none		ok		82	70	0.834	0.599	0.789	0.8116	0.6815	1.897			5.0				0	0	0	42	2.12.0	2026-09-26T06:01:05+08:00
8PQM_1	null_unrelated	none		ok		82	0	0.0	0.0	0.411	0.1541	0.0925	0.0			5.0				0	16	2	0	2.12.0	2026-09-26T06:01:06+08:00
8PQR_1	null_template	none		ok		154	516	0.446	0.267	0.816	0.5406	0.4075	6.202			5.0				0	0	0	346	2.12.0	2026-09-26T06:01:08+08:00
8PQR_1	null_unrelated	none		ok		154	14	0.002	0.001	0.157	0.0455	0.0276	6.203			5.0				0	0	0	11	2.12.0	2026-09-26T06:01:13+08:00
8PR6_1	null_template	none		ok		85	132	0.298	0.197	0.387	0.4647	0.3077	16.525			5.0				0	0	0	90	2.12.0	2026-09-26T06:01:16+08:00
8PR6_1	null_unrelated	none		ok		85	9	0.008	0.005	0.177	0.0962	0.0673	3.383			5.0				0	0	0	6	2.12.0	2026-09-26T06:01:17+08:00
8PRR_1	null_template	none		ok		84	80	0.953	0.818	0.974	0.9906	0.9219	0.555			5.0				0	0	0	28	2.12.0	2026-09-26T06:01:18+08:00
8PRR_1	null_unrelated	none		ok		84	78	0.241	0.136	0.359	0.1062	0.0813	1.326			5.0				0	0	0	61	2.12.0	2026-09-26T06:01:20+08:00
8PVZ_1	null_template	none		ok		148	213	0.466	0.355	0.377	0.6778	0.5426	21.165			5.0				0	0	1	94	2.12.0	2026-09-26T06:01:21+08:00
8PVZ_1	null_unrelated	none		ok		148	24	0.011	0.006	0.309	0.0148	0.0148	8.658			5.0				0	0	0	18	2.12.0	2026-09-26T06:01:23+08:00
8PWC_1	null_template	none		ok		110	87	0.249	0.227	0.302	0.8298	0.7128	1.586	0.8057	1.788	5.0	17			0	0	0	0	2.12.0	2026-09-26T06:01:25+08:00
8PWC_1	null_unrelated	none		ok		110	6	0.002	0.001	0.165	0.0532	0.0426	2.697		7.816	5.0	17			0	0	0	4	2.12.0	2026-09-26T06:01:27+08:00
8PX5_1	null_template	none		ok		157	152	0.999	0.996	0.999	1.0	0.9984	0.134			5.0				0	0	0	0	2.12.0	2026-09-26T06:01:28+08:00
8PX5_1	null_unrelated	none		ok		157	0	0.0	0.0	0.245	0.0247	0.0148	0.0			5.0				0	0	0	0	2.12.0	2026-09-26T06:01:29+08:00
8PYV_1	null_template	none		ok		152	142	0.624	0.551	0.692	0.5428	0.3373	4.681			5.0				0	0	0	0	2.12.0	2026-09-26T06:01:30+08:00
8PYV_1	null_unrelated	none		ok		152	45	0.081	0.047	0.3	0.1147	0.0925	0.0			5.0				0	0	0	31	2.12.0	2026-09-26T06:01:32+08:00
8PYW_1	null_template	none		ok		152	906	0.965	0.921	0.986	0.9786	0.9457	0.719			5.0				0	0	0	6	2.12.0	2026-09-26T06:01:34+08:00
8PYW_1	null_unrelated	none		ok		152	15	0.001	0.001	0.091	0.0197	0.0197	7.77			5.0				0	0	0	11	2.12.0	2026-09-26T06:01:47+08:00
8PZO_1	null_unrelated	none		ok		138	0	0.0	0.0	0.292	0.0467	0.0305	0.0			5.0				0	0	0	0	2.12.0	2026-09-26T06:01:51+08:00
8Q0S_1	null_template	none		ok		97	96	0.424	0.366	0.471	0.9349	0.8568	1.688			5.0				0	2	0	0	2.12.0	2026-09-26T06:01:54+08:00
8Q0S_1	null_unrelated	none		ok		97	27	0.015	0.008	0.309	0.0807	0.0573	10.911			5.0				0	5	0	17	2.12.0	2026-09-26T06:01:55+08:00
8Q1V_1	null_template	none		ok		93	77	0.599	0.42	0.807	0.6741	0.5696	5.591			5.0				0	0	0	47	2.12.0	2026-09-26T06:01:58+08:00
8Q1V_1	null_unrelated	none		ok		93	0	0.0	0.0	0.416	0.0854	0.0601	0.0			5.0				0	0	0	0	2.12.0	2026-09-26T06:02:00+08:00
8Q1W_1	null_template	none		ok		89	78	0.233	0.18	0.317	0.8594	0.7094	2.545			5.0				0	0	0	46	2.12.0	2026-09-26T06:02:01+08:00
8Q1W_1	null_unrelated	none		ok		89	17	0.005	0.003	0.171	0.0875	0.0531	6.927			5.0				0	0	0	12	2.12.0	2026-09-26T06:02:03+08:00
8Q4E_1	null_unrelated	none		ok		165	0	0.0	0.0	0.099	0.0562	0.0368	0.0			5.0				0	0	0	0	2.12.0	2026-09-26T06:02:04+08:00
8Q53_1	null_template	none		ok		126	115	0.914	0.837	0.95	0.9391	0.8283	1.307			5.0				0	0	0	0	2.12.0	2026-09-26T06:02:07+08:00
8Q53_1	null_unrelated	none		ok		126	0	0.0	0.0	0.301	0.0304	0.0196	0.0			5.0				0	0	0	0	2.12.0	2026-09-26T06:02:09+08:00
8Q5F_1	null_template	none		ok		115	109	0.429	0.4	0.484	0.9587	0.8853	1.204			5.0				0	0	0	6	2.12.0	2026-09-26T06:02:10+08:00
8Q5F_1	null_unrelated	none		ok		115	0	0.0	0.0	0.198	0.0757	0.0573	0.0			5.0				0	0	0	0	2.12.0	2026-09-26T06:02:12+08:00
8Q6M_1	null_template	none		ok		154	306	0.994	0.963	0.995	0.9918	0.9755	0.417			5.0				0	2	2	0	2.12.0	2026-09-26T06:02:14+08:00
8Q6M_1	null_unrelated	none		ok		154	0	0.0	0.0	0.204	0.0229	0.0163	0.0			5.0				0	0	0	0	2.12.0	2026-09-26T06:02:18+08:00
8Q6U_1	null_template	none		ok		170	330	0.974	0.93	0.977	0.9591	0.9273	1.08			5.0				0	12	0	7	2.12.0	2026-09-26T06:02:19+08:00
8Q6U_1	null_unrelated	none		ok		170	286	0.193	0.107	0.275	0.1288	0.0818	19.299			5.0				0	0	0	215	2.12.0	2026-09-26T06:02:23+08:00
8Q78_1	null_template	none		ok		125	163	0.093	0.081	0.12	0.0888	0.062	17.011			5.0				0	0	0	60	2.12.0	2026-09-26T06:02:27+08:00
8Q78_1	null_unrelated	none		ok		125	32	0.004	0.002	0.054	0.0909	0.0682	11.652			5.0				0	0	0	23	2.12.0	2026-09-26T06:02:30+08:00
8QAO_1	null_template	none		ok		95	80	0.919	0.897	0.929	0.9518	0.8614	0.834			5.0				0	0	0	0	2.12.0	2026-09-26T06:02:33+08:00
8QAO_1	null_unrelated	none		ok		95	20	0.047	0.028	0.317	0.1205	0.0934	0.0			5.0				0	0	0	16	2.12.0	2026-09-26T06:02:34+08:00
8QAZ_1	null_template	none		ok		116	113	0.991	0.96	0.989	0.9956	0.9646	0.504			5.0				0	0	0	0	2.12.0	2026-09-26T06:02:35+08:00
8QAZ_1	null_unrelated	none		ok		116	97	0.229	0.123	0.43	0.1836	0.1239	0.0			5.0				0	31	0	75	2.12.0	2026-09-26T06:02:36+08:00
8QB1_1	null_unrelated	none		ok		88	84	0.03	0.017	0.111	0.1824	0.1059	12.788			5.0				0	0	0	62	2.12.0	2026-09-26T06:02:39+08:00
8QF3_1	null_template	none		ok		128	139	0.426	0.399	0.509	0.9524	0.875	6.957			5.0				0	0	0	11	2.12.0	2026-09-26T06:02:41+08:00
8QF3_1	null_unrelated	none		ok		128	182	0.144	0.081	0.283	0.125	0.0774	28.581			5.0				0	0	0	142	2.12.0	2026-09-26T06:02:43+08:00
8QFU_1	null_template	none		ok		160	271	0.079	0.041	0.256	0.1128	0.0677	0.0			5.0				0	0	0	198	2.12.0	2026-09-26T06:02:45+08:00
8QFU_1	null_unrelated	none		ok		160	0	0.0	0.0	0.093	0.015	0.015	0.0			5.0				0	0	0	0	2.12.0	2026-09-26T06:02:49+08:00
8QH6_1	null_template	none		ok		143	270	0.994	0.974	0.997	1.0	1.0	0.306			5.0				0	0	0	0	2.12.0	2026-09-26T06:02:51+08:00
8QH6_1	null_unrelated	none		ok		143	101	0.067	0.041	0.332	0.125	0.0977	15.497			5.0				3	2	1	75	2.12.0	2026-09-26T06:02:56+08:00
8QIY_1	null_template	none		ok		162	468	0.957	0.924	0.986	0.9761	0.9411	1.097			5.0				0	0	0	0	2.12.0	2026-09-26T06:03:05+08:00
8QIY_1	null_unrelated	none		ok		162	41	0.015	0.009	0.196	0.0987	0.078	10.382			5.0				0	0	0	29	2.12.0	2026-09-26T06:03:11+08:00
8QJ6_1	null_template	none		ok		97	62	0.216	0.132	0.457	0.2109	0.1602	23.108			5.0				0	0	0	46	2.12.0	2026-09-26T06:03:15+08:00
8QJ6_1	null_unrelated	none		ok		97	1	0.0	0.0	0.319	0.0156	0.0156	0.0			5.0				0	0	0	0	2.12.0	2026-09-26T06:03:18+08:00
8QKF_1	null_template	none		ok		120	184	0.639	0.443	0.445	0.8308	0.6995	16.037			5.0				0	0	0	118	2.12.0	2026-09-26T06:03:19+08:00
8QKF_1	null_unrelated	none		ok		120	82	0.076	0.045	0.328	0.1263	0.0808	17.056			5.0				0	0	0	59	2.12.0	2026-09-26T06:03:22+08:00
8QKY_1	null_template	none		ok		148	346	0.448	0.27	0.752	0.5243	0.3825	13.862			5.0				0	1	1	233	2.12.0	2026-09-26T06:03:25+08:00
8QKY_1	null_unrelated	none		ok		148	39	0.008	0.005	0.215	0.0634	0.0541	0.0			5.0				0	0	0	31	2.12.0	2026-09-26T06:03:30+08:00
8QOK_1	null_template	none		ok		140	265	0.91	0.879	0.503	0.9662	0.9305	8.538			5.0				0	0	0	2	2.12.0	2026-09-26T06:03:34+08:00
8QOK_1	null_unrelated	none		ok		140	65	0.031	0.019	0.258	0.0846	0.062	16.362			5.0				0	0	0	50	2.12.0	2026-09-26T06:03:38+08:00
8QRY_1	null_template	none		ok		96	57	0.19	0.112	0.447	0.224	0.1667	10.429			5.0				0	31	0	41	2.12.0	2026-09-26T06:03:41+08:00
8QRY_1	null_unrelated	none		ok		96	22	0.03	0.019	0.372	0.0859	0.0469	7.236			5.0				0	0	0	16	2.12.0	2026-09-26T06:03:47+08:00
8QUP_1	null_template	none		ok		124	114	0.644	0.541	0.763	0.693	0.4803	2.717			5.0				0	0	0	17	2.12.0	2026-09-26T06:03:49+08:00
8QUP_1	null_unrelated	none		ok		124	2	0.0	0.0	0.276	0.0724	0.0461	4.92			5.0				0	0	0	1	2.12.0	2026-09-26T06:03:51+08:00
8QX5_1	null_template	none		ok		177	158	0.354	0.277	0.453	0.7753	0.5807	3.37	0.7114	6.111	5.0	31			0	0	0	77	2.12.0	2026-09-26T06:03:53+08:00
8QX5_1	null_unrelated	none		ok		177	0	0.0	0.0	0.143	0.0332	0.0253	0.0		12.08	5.0	31			0	1	0	0	2.12.0	2026-09-26T06:03:56+08:00
8QX6_1	null_unrelated	none		ok		165	85	0.037	0.021	0.199	0.0667	0.0439	0.0			5.0				0	0	0	63	2.12.0	2026-09-26T06:03:59+08:00
8QZV_1	null_template	none		ok		167	104	0.46	0.295	0.683	0.5128	0.3777	4.148			5.0				0	0	0	62	2.12.0	2026-09-26T06:04:04+08:00
8QZV_1	null_unrelated	none		ok		167	43	0.063	0.033	0.223	0.0912	0.0566	10.632			5.0				0	0	0	33	2.12.0	2026-09-26T06:04:06+08:00
8R28_1	null_template	none		ok		121	102	0.874	0.647	0.93	0.8981	0.7573	1.436			5.0				0	0	0	49	2.12.0	2026-09-26T06:04:09+08:00
8R28_1	null_unrelated	none		ok		121	67	0.157	0.089	0.306	0.1553	0.1141	12.461			5.0				0	0	0	48	2.12.0	2026-09-26T06:04:11+08:00
8R2C_1	null_unrelated	none		ok		169	13	0.007	0.003	0.279	0.0473	0.0355	4.927			5.0				0	2	1	9	2.12.0	2026-09-26T06:04:20+08:00
8R3F_1	null_template	none		ok		105	103	0.422	0.381	0.556	0.0	0.0	0.792			5.0				0	0	0	0	2.12.0	2026-09-26T06:04:25+08:00
8R3F_1	null_unrelated	none		ok		105	31	0.024	0.012	0.304	0.1019	0.0655	10.052			5.0				0	31	0	24	2.12.0	2026-09-26T06:04:30+08:00
8R3N_1	null_template	none		ok		179	332	0.8	0.571	0.9	0.8581	0.684	1.905			5.0				0	0	0	186	2.12.0	2026-09-26T06:04:38+08:00
8R3N_1	null_unrelated	none		ok		179	38	0.015	0.01	0.177	0.0843	0.0548	9.84			5.0				0	0	0	28	2.12.0	2026-09-26T06:04:43+08:00
8R5K_1	null_template	none		ok		128	128	0.959	0.922	0.969	0.9688	0.9023	0.868			5.0				0	0	0	0	2.12.0	2026-09-26T06:04:46+08:00
8R5K_1	null_unrelated	none		ok		128	0	0.0	0.0	0.294	0.0156	0.0156	0.0			5.0				0	0	0	0	2.12.0	2026-09-26T06:04:48+08:00
8R5N_1	null_template	none		ok		165	153	0.38	0.259	0.447	0.7106	0.5424	2.782	0.6951	6.044	5.0	11			0	3	6	99	2.12.0	2026-09-26T06:04:50+08:00
8R5N_1	null_unrelated	none		ok		165	0	0.0	0.0	0.18	0.0379	0.0333	0.0		7.98	5.0	11			0	0	0	0	2.12.0	2026-09-26T06:04:53+08:00
8R6I_1	null_template	none		ok		114	227	0.837	0.687	0.52	0.9386	0.8026	12.159			5.0				0	0	0	95	2.12.0	2026-09-26T06:04:56+08:00
8R6I_1	null_unrelated	none		ok		114	101	0.076	0.044	0.387	0.1382	0.0855	16.746			5.0				0	0	0	72	2.12.0	2026-09-26T06:05:00+08:00
8R8A_1	null_template	none		ok		130	12	0.008	0.004	0.955	0.0669	0.0512	0.976			5.0				0	0	0	9	2.12.0	2026-09-26T06:05:12+08:00
8R8A_1	null_unrelated	none		ok		130	41	0.041	0.024	0.252	0.0669	0.0433	12.67			5.0				0	0	0	31	2.12.0	2026-09-26T06:05:15+08:00
8RCY_1	null_template	none		ok		137	129	0.932	0.897	0.941	0.9511	0.9098	0.845	0.9615	5.427	5.0	12			0	0	0	0	2.12.0	2026-09-26T06:05:17+08:00
8RCY_1	null_unrelated	none		ok		137	7	0.004	0.003	0.233	0.0545	0.0376	1.923			5.0	12			0	0	0	2	2.12.0	2026-09-26T06:05:19+08:00
8RD7_1	null_template	none		ok		91	68	0.161	0.146	0.221	0.8767	0.8233	0.636	0.8379	0.93	5.0	12			0	0	0	0	2.12.0	2026-09-26T06:05:21+08:00
8RD7_1	null_unrelated	none		ok		91	29	0.01	0.006	0.118	0.1133	0.08	6.427	0.1817	7.982	5.0	12			0	0	0	21	2.12.0	2026-09-26T06:05:24+08:00
8RDD_1	null_template	none		ok		170	160	0.802	0.594	0.904	0.8252	0.6549	2.53			5.0				0	0	0	91	2.12.0	2026-09-26T06:05:27+08:00
8RDD_1	null_unrelated	none		ok		170	0	0.0	0.0	0.341	0.0629	0.0383	0.0			5.0				0	0	0	0	2.12.0	2026-09-26T06:05:30+08:00
8RF6_1	null_template	none		ok		118	118	0.99	0.969	0.992	0.9936	0.9809	0.221			5.0				0	0	0	0	2.12.0	2026-09-26T06:05:33+08:00
8RF6_1	null_unrelated	none		ok		118	111	0.162	0.098	0.346	0.1419	0.0911	14.858			5.0				3	2	1	83	2.12.0	2026-09-26T06:05:35+08:00
8RHO_1	null_template	none		ok		122	234	0.745	0.712	0.772	0.7479	0.6674	10.476			5.0				0	0	0	0	2.12.0	2026-09-26T06:05:41+08:00
8RHO_1	null_unrelated	none		ok		122	15	0.006	0.004	0.201	0.0744	0.0579	8.137			5.0				0	0	0	11	2.12.0	2026-09-26T06:05:45+08:00
8RHR_1	null_template	none		ok		171	164	0.943	0.888	0.964	0.9449	0.8854	0.613			5.0				0	0	0	0	2.12.0	2026-09-26T06:05:47+08:00
8RHR_1	null_unrelated	none		ok		171	23	0.027	0.018	0.251	0.0893	0.0744	5.015			5.0				0	0	0	16	2.12.0	2026-09-26T06:05:50+08:00
8RIJ_1	null_template	none		ok		158	158	0.983	0.93	0.992	0.9921	0.9604	0.442			5.0				0	16	2	0	2.12.0	2026-09-26T06:05:54+08:00
8RIJ_1	null_unrelated	none		ok		158	0	0.0	0.0	0.296	0.0237	0.0174	0.0			5.0				0	6	0	0	2.12.0	2026-09-26T06:05:58+08:00
8RKP_1	null_template	none		ok		134	134	0.969	0.929	0.988	0.9832	0.9384	0.512			5.0				0	0	0	0	2.12.0	2026-09-26T06:06:00+08:00
8RKP_1	null_unrelated	none		ok		134	54	0.09	0.054	0.274	0.1231	0.0672	12.628			5.0				0	0	0	40	2.12.0	2026-09-26T06:06:03+08:00
8RNZ_1	null_template	none		ok		100	23	0.015	0.008	0.293	0.0929	0.0641	9.561			5.0				0	1	1	17	2.12.0	2026-09-26T06:06:06+08:00
8RNZ_1	null_unrelated	none		ok		100	47	0.03	0.019	0.301	0.109	0.0801	13.137			5.0				0	0	0	34	2.12.0	2026-09-26T06:06:13+08:00
8RRY_1	null_template	none		ok		170	340	0.937	0.906	0.511	1.0	0.9853	16.093			5.0				0	0	0	0	2.12.0	2026-09-26T06:06:16+08:00
8RRY_1	null_unrelated	none		ok		170	13	0.003	0.002	0.166	0.0471	0.0353	4.422			5.0				0	1	0	10	2.12.0	2026-09-26T06:06:20+08:00
8RU1_1	null_template	none		ok		116	201	0.418	0.384	0.282	0.9543	0.8846	10.273			5.0				0	0	0	0	2.12.0	2026-09-26T06:06:23+08:00
8RU1_1	null_unrelated	none		ok		116	117	0.052	0.028	0.22	0.137	0.0962	20.77			5.0				0	0	0	88	2.12.0	2026-09-26T06:06:26+08:00
8RU5_1	null_template	none		ok		130	130	0.996	0.954	0.993	1.0	0.9615	0.362			5.0				0	0	0	0	2.12.0	2026-09-26T06:06:34+08:00
8RU5_1	null_unrelated	none		ok		130	108	0.651	0.451	0.755	0.6769	0.5423	2.6			5.0				0	0	0	73	2.12.0	2026-09-26T06:06:36+08:00
8RW6_1	null_template	none		ok		114	106	0.939	0.88	0.946	0.9599	0.8797	1.267			5.0				0	0	0	1	2.12.0	2026-09-26T06:06:37+08:00
8RW6_1	null_unrelated	none		ok		114	38	0.07	0.043	0.436	0.1297	0.0896	8.353			5.0				0	0	0	23	2.12.0	2026-09-26T06:06:40+08:00
8RXA_1	null_unrelated	none		ok		109	9	0.003	0.002	0.171	0.0539	0.0319	4.712			5.0				0	0	0	5	2.12.0	2026-09-26T06:06:42+08:00
8RYS_1	null_template	none		ok		153	149	0.984	0.928	0.986	0.99	0.96	0.421			5.0				0	0	1	0	2.12.0	2026-09-26T06:06:44+08:00
8RYS_1	null_unrelated	none		ok		153	12	0.008	0.004	0.294	0.0533	0.0417	3.819			5.0				0	1	0	7	2.12.0	2026-09-26T06:06:46+08:00
8S48_1	null_template	none		ok		178	309	0.976	0.919	0.976	0.9872	0.9615	1.66			5.0				0	0	0	0	2.12.0	2026-09-26T06:06:48+08:00
8S48_1	null_unrelated	none		ok		178	0	0.0	0.0	0.267	0.0465	0.0321	0.0			5.0				0	0	0	0	2.12.0	2026-09-26T06:06:52+08:00
8S4E_1	null_template	none		ok		124	213	0.608	0.508	0.761	0.7112	0.4927	4.413			5.0				0	0	0	24	2.12.0	2026-09-26T06:06:56+08:00
8S4E_1	null_unrelated	none		ok		124	162	0.169	0.091	0.291	0.1626	0.0995	19.666			5.0				0	0	0	125	2.12.0	2026-09-26T06:06:59+08:00
8S7A_1	null_template	none		ok		84	74	0.715	0.507	0.697	0.6959	0.473	3.117			5.0				0	0	0	30	2.12.0	2026-09-26T06:07:03+08:00
8S7A_1	null_unrelated	none		ok		84	10	0.018	0.008	0.295	0.1486	0.0912	3.871			5.0				0	0	0	8	2.12.0	2026-09-26T06:07:05+08:00
8T2M_1	null_template	none		ok		130	117	0.881	0.819	0.866	0.8643	0.7888	1.267			5.0				0	1	0	0	2.12.0	2026-09-26T06:07:07+08:00
8T2M_1	null_unrelated	none		ok		130	77	0.14	0.079	0.305	0.1415	0.0756	10.428			5.0				0	0	0	59	2.12.0	2026-09-26T06:07:09+08:00
8T4C_1	null_template	none		ok		147	246	0.364	0.234	0.455	0.4271	0.2604	12.617			5.0				0	21	0	176	2.12.0	2026-09-26T06:07:11+08:00
8T4C_1	null_unrelated	none		ok		147	34	0.016	0.011	0.243	0.0694	0.0486	8.995			5.0				0	0	0	24	2.12.0	2026-09-26T06:07:17+08:00
8T5A_1	null_template	none		ok		153	131	0.924	0.85	0.962	0.9583	0.8674	0.941			5.0				0	0	0	2	2.12.0	2026-09-26T06:07:22+08:00
8T5A_1	null_unrelated	none		ok		153	0	0.0	0.0	0.245	0.0568	0.0398	0.0			5.0				0	0	0	0	2.12.0	2026-09-26T06:07:25+08:00
8T7K_1	null_template	none		ok		156	156	0.954	0.789	0.978	0.9439	0.8429	0.812			5.0				0	6	0	46	2.12.0	2026-09-26T06:07:26+08:00
8T7K_1	null_unrelated	none		ok		156	51	0.051	0.027	0.446	0.0721	0.0481	15.567			5.0				0	0	0	37	2.12.0	2026-09-26T06:07:29+08:00
27WO_1	af2_nomsa	alphafold2_ptm	20260925	ok		81	80	0.458	0.344	0.469	0.3906	0.2938	11.55			5.0		55.734	0.4	2	0	5	0	2.12.0	2026-09-26T06:07:31+08:00
27AH_1	af2_nomsa	alphafold2_ptm	20260925	ok		82	82	0.421	0.381	0.492	0.9878	0.9268	0.682			5.0		91.84	0.77	0	0	0	0	2.12.0	2026-09-26T06:07:33+08:00
8PQM_1	af2_nomsa	alphafold2_ptm	20260925	ok		82	76	0.889	0.818	0.826	0.863	0.7877	4.895			5.0		76.754	0.59	0	0	1	0	2.12.0	2026-09-26T06:07:35+08:00
36MB_1	af2_nomsa	alphafold2_ptm	20260925	ok		83	79	0.187	0.166	0.248	0.9082	0.7468	0.912			5.0		89.485	0.77	0	0	1	0	2.12.0	2026-09-26T06:07:37+08:00
8PRR_1	af2_nomsa	alphafold2_ptm	20260925	ok		84	80	0.895	0.797	0.928	0.9563	0.8469	1.493			5.0		82.912	0.71	0	1	5	0	2.12.0	2026-09-26T06:07:40+08:00
8S7A_1	af2_nomsa	alphafold2_ptm	20260925	ok		84	74	0.829	0.746	0.782	0.8108	0.6149	2.587			5.0		76.727	0.57	0	0	1	0	2.12.0	2026-09-26T06:07:41+08:00
21NG_1	af2_nomsa	alphafold2_ptm	20260925	ok		85	83	0.297	0.246	0.403	0.6898	0.503	4.008			5.0		74.232	0.66	0	1	5	0	2.12.0	2026-09-26T06:07:43+08:00
8P91_1	af2_nomsa	alphafold2_ptm	20260925	ok		85	67	0.345	0.262	0.416	0.3955	0.2799	16.383			5.0		57.331	0.35	0	0	20	0	2.12.0	2026-09-26T06:07:46+08:00
8PR6_1	af2_nomsa	alphafold2_ptm	20260925	ok		85	78	0.151	0.119	0.201	0.2853	0.1859	10.535			5.0		47.735	0.37	4	0	1	0	2.12.0	2026-09-26T06:07:47+08:00
8KC1_1	af2_nomsa	alphafold2_ptm	20260925	ok		87	83	0.503	0.406	0.467	0.4578	0.2801	6.785			5.0		52.473	0.34	0	0	3	0	2.12.0	2026-09-26T06:07:49+08:00
8QB1_1	af2_nomsa	alphafold2_ptm	20260925	ok		88	88	0.104	0.089	0.159	0.7912	0.5853	1.624			5.0		79.496	0.64	4	0	0	0	2.12.0	2026-09-26T06:07:51+08:00
8JN0_1	af2_nomsa	alphafold2_ptm	20260925	ok		89	89	0.369	0.203	0.443	0.3708	0.2753	12.619			5.0		44.175	0.33	41	4	8	0	2.12.0	2026-09-26T06:07:54+08:00
8Q1W_1	af2_nomsa	alphafold2_ptm	20260925	ok		89	80	0.113	0.072	0.16	0.3719	0.2313	11.214			5.0		41.481	0.31	13	0	12	0	2.12.0	2026-09-26T06:07:56+08:00
10XE_1	af2_nomsa	alphafold2_ptm	20260925	ok		91	91	0.22	0.171	0.322	0.478	0.3434	8.525			5.0		61.299	0.51	8	0	3	0	2.12.0	2026-09-26T06:07:58+08:00
8RD7_1	af2_nomsa	alphafold2_ptm	20260925	ok		91	75	0.108	0.084	0.179	0.63	0.56	14.554	0.471		5.0	12	64.891	0.53	9	0	7	0	2.12.0	2026-09-26T06:08:00+08:00
10XH_1	af2_nomsa	alphafold2_ptm	20260925	ok		93	90	0.23	0.199	0.352	0.575	0.4139	7.905			5.0		55.378	0.4	6	0	5	0	2.12.0	2026-09-26T06:08:03+08:00
8Q1V_1	af2_nomsa	alphafold2_ptm	20260925	ok		93	79	0.396	0.254	0.312	0.288	0.2215	13.282			5.0		42.155	0.28	4	0	18	0	2.12.0	2026-09-26T06:08:05+08:00
8JNB_1	af2_nomsa	alphafold2_ptm	20260925	ok		94	81	0.66	0.516	0.684	0.6543	0.4537	4.29			5.0		52.199	0.44	2	0	7	0	2.12.0	2026-09-26T06:08:07+08:00
8QAO_1	af2_nomsa	alphafold2_ptm	20260925	ok		95	83	0.481	0.398	0.507	0.4217	0.2801	7.784			5.0		44.836	0.28	2	1	14	1	2.12.0	2026-09-26T06:08:09+08:00
8QRY_1	af2_nomsa	alphafold2_ptm	20260925	ok		96	96	0.629	0.506	0.655	0.6484	0.4792	7.584			5.0		59.292	0.49	7	0	3	0	2.12.0	2026-09-26T06:08:11+08:00
10XG_1	af2_nomsa	alphafold2_ptm	20260925	ok		97	90	0.692	0.596	0.74	0.7222	0.5222	3.58			5.0		57.134	0.44	2	0	4	0	2.12.0	2026-09-26T06:08:12+08:00
13TX_1	af2_nomsa	alphafold2_ptm	20260925	ok		97	84	0.113	0.057	0.177	0.1964	0.125	14.099			5.0		43.861	0.28	3	0	22	0	2.12.0	2026-09-26T06:08:14+08:00
8Q0S_1	af2_nomsa	alphafold2_ptm	20260925	ok		97	96	0.173	0.098	0.254	0.3854	0.2552	12.063			5.0		36.744	0.28	2	0	13	0	2.12.0	2026-09-26T06:08:16+08:00
8QJ6_1	af2_nomsa	alphafold2_ptm	20260925	ok		97	64	0.378	0.264	0.36	0.3867	0.2812	7.776			5.0		44.05	0.33	13	3	24	0	2.12.0	2026-09-26T06:08:18+08:00
36IQ_1	af2_nomsa	alphafold2_ptm	20260925	ok		98	91	0.434	0.391	0.498	0.978	0.8846	0.54	0.8835		5.0	20	86.687	0.72	0	0	0	0	2.12.0	2026-09-26T06:08:20+08:00
8PJQ_1	af2_nomsa	alphafold2_ptm	20260925	ok		98	93	0.509	0.326	0.391	0.3978	0.2554	7.653			5.0		47.003	0.36	2	0	13	0	2.12.0	2026-09-26T06:08:22+08:00
31KJ_1	af2_nomsa	alphafold2_ptm	20260925	ok		99	96	0.282	0.223	0.358	0.5703	0.375	5.296			5.0		75.377	0.68	0	0	2	0	2.12.0	2026-09-26T06:08:24+08:00
8RNZ_1	af2_nomsa	alphafold2_ptm	20260925	ok		100	78	0.23	0.164	0.32	0.5417	0.375	9.276			5.0		51.909	0.39	11	0	9	0	2.12.0	2026-09-26T06:08:26+08:00
12FA_1	af2_nomsa	alphafold2_ptm	20260925	ok		104	97	0.564	0.453	0.448	0.3582	0.2964	23.172			5.0		52.896	0.36	0	1	4	0	2.12.0	2026-09-26T06:08:28+08:00
8KBM_1	af2_nomsa	alphafold2_ptm	20260925	ok		104	104	0.188	0.134	0.173	0.2755	0.2015	12.067	0.4304		5.0	13	40.422	0.31	13	0	4	0	2.12.0	2026-09-26T06:08:30+08:00
8PHY_1	af2_nomsa	alphafold2_ptm	20260925	ok		104	103	0.144	0.103	0.192	0.216	0.1383	15.086			5.0		35.295	0.33	0	1	10	0	2.12.0	2026-09-26T06:08:33+08:00
8JU7_1	af2_nomsa	alphafold2_ptm	20260925	ok		105	104	0.176	0.14	0.232	0.3726	0.2644	12.711			5.0		50.112	0.33	2	0	6	0	2.12.0	2026-09-26T06:08:35+08:00
8R3F_1	af2_nomsa	alphafold2_ptm	20260925	ok		105	103	0.163	0.124	0.233	0.2888	0.1602	9.795			5.0		42.408	0.36	7	0	5	0	2.12.0	2026-09-26T06:08:37+08:00
22FK_1	af2_nomsa	alphafold2_ptm	20260925	ok		106	106	0.1	0.062	0.13	0.5283	0.3915	9.917			5.0		48.357	0.43	25	1	14	0	2.12.0	2026-09-26T06:08:40+08:00
8RXA_1	af2_nomsa	alphafold2_ptm	20260925	ok		109	102	0.204	0.161	0.214	0.3652	0.2745	13.651			5.0		47.717	0.32	9	0	6	0	2.12.0	2026-09-26T06:08:43+08:00
8PWC_1	af2_nomsa	alphafold2_ptm	20260925	ok		110	94	0.191	0.167	0.239	0.609	0.4707	8.166	0.5206		5.0	17	56.318	0.41	3	0	2	0	2.12.0	2026-09-26T06:08:45+08:00
8R6I_1	af2_nomsa	alphafold2_ptm	20260925	ok		114	114	0.165	0.115	0.23	0.2961	0.2105	17.369			5.0		40.967	0.27	11	2	8	0	2.12.0	2026-09-26T06:08:48+08:00
8RW6_1	af2_nomsa	alphafold2_ptm	20260925	ok		114	106	0.314	0.195	0.283	0.2476	0.1722	13.938			5.0		30.846	0.22	4	0	11	0	2.12.0	2026-09-26T06:08:50+08:00
8Q5F_1	af2_nomsa	alphafold2_ptm	20260925	ok		115	109	0.151	0.095	0.223	0.3073	0.1743	11.421			5.0		37.358	0.27	4	0	12	0	2.12.0	2026-09-26T06:08:52+08:00
8PNM_1	af2_nomsa	alphafold2_ptm	20260925	ok		116	95	0.031	0.026	0.052	0.3947	0.3105	9.336			5.0		47.688	0.4	4	0	3	0	2.12.0	2026-09-26T06:08:54+08:00
8QAZ_1	af2_nomsa	alphafold2_ptm	20260925	ok		116	113	0.429	0.314	0.481	0.3938	0.2765	13.526			5.0		48.616	0.39	11	0	5	0	2.12.0	2026-09-26T06:09:00+08:00
8RU1_1	af2_nomsa	alphafold2_ptm	20260925	ok		116	104	0.093	0.071	0.132	0.2788	0.1971	11.438			5.0		40.039	0.3	0	0	10	0	2.12.0	2026-09-26T06:09:02+08:00
21EJ_1	af2_nomsa	alphafold2_ptm	20260925	ok		118	118	0.165	0.108	0.28	0.4145	0.2457	11.028			5.0		36.233	0.29	5	2	6	0	2.12.0	2026-09-26T06:09:06+08:00
8RF6_1	af2_nomsa	alphafold2_ptm	20260925	ok		118	118	0.297	0.226	0.29	0.2436	0.1525	14.951			5.0		32.561	0.27	6	0	6	0	2.12.0	2026-09-26T06:09:08+08:00
12HP_1	af2_nomsa	alphafold2_ptm	20260925	ok		120	116	0.035	0.028	0.078	0.2651	0.1573	16.225			5.0		39.674	0.33	6	0	3	0	2.12.0	2026-09-26T06:09:10+08:00
44ID_1	af2_nomsa	alphafold2_ptm	20260925	ok		120	113	0.113	0.075	0.16	0.2058	0.1372	15.504	0.2187		5.0	23	36.08	0.26	11	0	8	0	2.12.0	2026-09-26T06:09:15+08:00
8QKF_1	af2_nomsa	alphafold2_ptm	20260925	ok		120	99	0.167	0.143	0.225	0.2929	0.2096	9.877			5.0		52.747	0.38	2	0	7	0	2.12.0	2026-09-26T06:09:18+08:00
11OW_1	af2_nomsa	alphafold2_ptm	20260925	ok		121	120	0.136	0.083	0.229	0.2354	0.125	13.35			5.0		33.383	0.26	13	3	6	0	2.12.0	2026-09-26T06:09:20+08:00
8R28_1	af2_nomsa	alphafold2_ptm	20260925	ok		121	103	0.527	0.317	0.599	0.5364	0.3665	6.955			5.0		58.98	0.48	4	2	35	0	2.12.0	2026-09-26T06:09:22+08:00
22FG_1	af2_nomsa	alphafold2_ptm	20260925	ok		122	122	0.49	0.339	0.553	0.5143	0.3484	6.542			5.0		48.309	0.47	19	0	10	0	2.12.0	2026-09-26T06:09:24+08:00
8RHO_1	af2_nomsa	alphafold2_ptm	20260925	ok		122	121	0.137	0.093	0.181	0.2252	0.1508	15.025			5.0		36.052	0.26	7	0	10	0	2.12.0	2026-09-26T06:09:26+08:00
29LI_1	af2_nomsa	alphafold2_ptm	20260925	ok		123	118	0.407	0.214	0.318	0.2352	0.1653	12.306			5.0		43.189	0.31	21	1	21	0	2.12.0	2026-09-26T06:09:28+08:00
8KA7_1	af2_nomsa	alphafold2_ptm	20260925	ok		124	115	0.919	0.837	0.957	0.9478	0.8	0.869			5.0		83.218	0.73	2	0	3	0	2.12.0	2026-09-26T06:09:30+08:00
8QUP_1	af2_nomsa	alphafold2_ptm	20260925	ok		124	114	0.876	0.816	0.927	0.9013	0.7193	1.138			5.0		84.375	0.77	0	0	0	0	2.12.0	2026-09-26T06:09:32+08:00
8S4E_1	af2_nomsa	alphafold2_ptm	20260925	ok		124	103	0.102	0.075	0.276	0.233	0.1796	17.806			5.0		35.994	0.3	2	0	11	0	2.12.0	2026-09-26T06:09:33+08:00
8K1W_1	af2_nomsa	alphafold2_ptm	20260925	ok		125	120	0.351	0.224	0.416	0.3104	0.2396	15.673			5.0		39.673	0.4	17	0	13	0	2.12.0	2026-09-26T06:09:35+08:00
8Q78_1	af2_nomsa	alphafold2_ptm	20260925	ok		125	121	0.049	0.037	0.11	0.5248	0.2996	4.93			5.0		49.2	0.43	8	0	4	0	2.12.0	2026-09-26T06:09:37+08:00
8K9N_1	af2_nomsa	alphafold2_ptm	20260925	ok		126	125	0.349	0.25	0.482	0.384	0.224	7.977			5.0		40.086	0.3	6	0	8	0	2.12.0	2026-09-26T06:09:42+08:00
8Q53_1	af2_nomsa	alphafold2_ptm	20260925	ok		126	115	0.435	0.328	0.427	0.3543	0.237	13.56			5.0		48.692	0.45	12	1	8	0	2.12.0	2026-09-26T06:09:44+08:00
8JWS_1	af2_nomsa	alphafold2_ptm	20260925	ok		127	117	0.076	0.049	0.121	0.1859	0.1154	14.521			5.0		38.642	0.29	8	0	10	0	2.12.0	2026-09-26T06:09:46+08:00
36IW_1	af2_nomsa	alphafold2_ptm	20260925	ok		128	107	0.377	0.282	0.294	0.2991	0.222	15.792			5.0		46.799	0.33	4	0	11	0	2.12.0	2026-09-26T06:09:49+08:00
8PKR_1	af2_nomsa	alphafold2_ptm	20260925	ok		128	121	0.164	0.09	0.206	0.2727	0.1798	12.912			5.0		36.595	0.29	9	5	18	0	2.12.0	2026-09-26T06:09:51+08:00
8QF3_1	af2_nomsa	alphafold2_ptm	20260925	ok		128	126	0.142	0.1	0.248	0.2937	0.1706	11.062			5.0		32.876	0.26	8	0	10	0	2.12.0	2026-09-26T06:09:54+08:00
8R5K_1	af2_nomsa	alphafold2_ptm	20260925	ok		128	128	0.3	0.189	0.38	0.2344	0.1328	13.198			5.0		35.084	0.25	3	2	21	0	2.12.0	2026-09-26T06:09:57+08:00
8JMY_1	af2_nomsa	alphafold2_ptm	20260925	ok		129	128	0.162	0.096	0.28	0.2695	0.1602	18.323			5.0		41.171	0.34	12	0	10	0	2.12.0	2026-09-26T06:09:58+08:00
8KAC_1	af2_nomsa	alphafold2_ptm	20260925	ok		129	121	0.39	0.372	0.385	0.3388	0.2355	14.299			5.0		75.52	0.63	0	0	2	0	2.12.0	2026-09-26T06:10:01+08:00
38LI_1	af2_nomsa	alphafold2_ptm	20260925	ok		130	122	0.103	0.08	0.148	0.3463	0.2439	16.74			5.0		37.414	0.36	2	2	7	0	2.12.0	2026-09-26T06:10:03+08:00
8R8A_1	af2_nomsa	alphafold2_ptm	20260925	ok		130	127	0.339	0.224	0.347	0.248	0.1575	13.545			5.0		36.764	0.31	13	0	11	0	2.12.0	2026-09-26T06:10:06+08:00
8RU5_1	af2_nomsa	alphafold2_ptm	20260925	ok		130	130	0.628	0.533	0.72	0.6269	0.4519	4.974			5.0		67.859	0.64	4	1	6	0	2.12.0	2026-09-26T06:10:08+08:00
8T2M_1	af2_nomsa	alphafold2_ptm	20260925	ok		130	129	0.561	0.421	0.623	0.5562	0.3721	12.866			5.0		45.301	0.46	6	0	7	0	2.12.0	2026-09-26T06:10:10+08:00
8PHX_1	af2_nomsa	alphafold2_ptm	20260925	ok		132	128	0.09	0.062	0.151	0.4277	0.3008	12.947			5.0		42.064	0.37	35	1	3	0	2.12.0	2026-09-26T06:10:12+08:00
8JZA_1	af2_nomsa	alphafold2_ptm	20260925	ok		134	127	0.283	0.179	0.355	0.2382	0.1437	14.414			5.0		34.193	0.29	8	0	13	0	2.12.0	2026-09-26T06:10:15+08:00
8RKP_1	af2_nomsa	alphafold2_ptm	20260925	ok		134	134	0.567	0.477	0.539	0.4776	0.3022	6.905			5.0		58.993	0.54	4	0	1	0	2.12.0	2026-09-26T06:10:17+08:00
27JK_1	af2_nomsa	alphafold2_ptm	20260925	ok		137	137	0.378	0.272	0.389	0.2956	0.2007	13.512			5.0		34.689	0.32	5	0	13	0	2.12.0	2026-09-26T06:10:19+08:00
8K4M_1	af2_nomsa	alphafold2_ptm	20260925	ok		137	124	0.328	0.255	0.448	0.2177	0.1452	15.699			5.0		40.732	0.31	2	0	9	0	2.12.0	2026-09-26T06:10:21+08:00
8RCY_1	af2_nomsa	alphafold2_ptm	20260925	ok		137	134	0.34	0.228	0.326	0.2462	0.1673	12.758	0.2505		5.0	12	42.164	0.35	13	0	22	0	2.12.0	2026-09-26T06:10:23+08:00
8PZO_1	af2_nomsa	alphafold2_ptm	20260925	ok		138	123	0.146	0.103	0.206	0.2073	0.1423	13.774			5.0		32.173	0.25	13	0	12	0	2.12.0	2026-09-26T06:10:24+08:00
35TM_1	af2_nomsa	alphafold2_ptm	20260925	ok		139	138	0.188	0.151	0.218	0.3732	0.3098	16.664	0.3824		5.0	24	56.847	0.57	9	0	2	0	2.12.0	2026-09-26T06:10:27+08:00
8JU8_1	af2_nomsa	alphafold2_ptm	20260925	ok		139	139	0.888	0.804	0.92	0.9083	0.7554	2.821			5.0		84.286	0.81	4	0	0	0	2.12.0	2026-09-26T06:10:29+08:00
8PHN_1	af2_nomsa	alphafold2_ptm	20260925	ok		139	124	0.281	0.201	0.27	0.1976	0.1492	15.809			5.0		37.625	0.26	2	1	16	0	2.12.0	2026-09-26T06:10:31+08:00
10UV_1	af2_nomsa	alphafold2_ptm	20260925	ok		140	138	0.184	0.147	0.342	0.4343	0.2646	7.907			5.0		44.393	0.41	0	0	7	0	2.12.0	2026-09-26T06:10:33+08:00
8QOK_1	af2_nomsa	alphafold2_ptm	20260925	ok		140	133	0.173	0.135	0.294	0.2989	0.1767	9.239			5.0		46.487	0.39	4	0	7	0	2.12.0	2026-09-26T06:10:36+08:00
8K75_1	af2_nomsa	alphafold2_ptm	20260925	ok		141	124	0.267	0.166	0.31	0.1734	0.0927	15.818			5.0		32.432	0.21	11	0	13	0	2.12.0	2026-09-26T06:10:39+08:00
29LW_1	af2_nomsa	alphafold2_ptm	20260925	ok		142	134	0.158	0.116	0.202	0.2239	0.1474	15.445	0.3125		5.0	24	40.488	0.29	2	0	6	0	2.12.0	2026-09-26T06:10:42+08:00
8QH6_1	af2_nomsa	alphafold2_ptm	20260925	ok		143	128	0.233	0.206	0.29	0.4551	0.3281	8.832			5.0		56.426	0.48	3	0	1	0	2.12.0	2026-09-26T06:10:45+08:00
10JX_1	af2_nomsa	alphafold2_ptm	20260925	ok		145	139	0.161	0.127	0.177	0.2104	0.1475	20.184	0.3703		5.0	23	39.702	0.32	0	0	10	0	2.12.0	2026-09-26T06:10:48+08:00
32JG_1	af2_nomsa	alphafold2_ptm	20260925	ok		145	127	0.17	0.118	0.294	0.3386	0.1791	9.345			5.0		48.23	0.46	13	2	10	0	2.12.0	2026-09-26T06:10:51+08:00
11CH_1	af2_nomsa	alphafold2_ptm	20260925	ok		146	142	0.289	0.21	0.327	0.2359	0.1303	13.851			5.0		38.024	0.35	5	0	17	0	2.12.0	2026-09-26T06:10:53+08:00
12IS_1	af2_nomsa	alphafold2_ptm	20260925	ok		146	119	0.33	0.243	0.382	0.2395	0.1576	13.409			5.0		50.921	0.52	7	0	14	0	2.12.0	2026-09-26T06:10:55+08:00
12XX_1	af2_nomsa	alphafold2_ptm	20260925	ok		146	144	0.446	0.406	0.489	0.941	0.8542	1.067			5.0		93.524	0.84	2	0	0	0	2.12.0	2026-09-26T06:10:57+08:00
37JY_1	af2_nomsa	alphafold2_ptm	20260925	ok		147	147	0.042	0.031	0.069	0.1871	0.1378	16.613	0.2114		5.0	11	33.387	0.26	2	0	8	0	2.12.0	2026-09-26T06:11:00+08:00
8T4C_1	af2_nomsa	alphafold2_ptm	20260925	ok		147	144	0.142	0.094	0.189	0.2188	0.1302	17.855			5.0		35.412	0.24	5	0	20	0	2.12.0	2026-09-26T06:11:05+08:00
8JWD_1	af2_nomsa	alphafold2_ptm	20260925	ok		148	123	0.868	0.764	0.907	0.8821	0.7012	1.584			5.0		70.624	0.58	4	0	6	0	2.12.0	2026-09-26T06:11:08+08:00
8PJ7_1	af2_nomsa	alphafold2_ptm	20260925	ok		148	138	0.249	0.142	0.293	0.1938	0.1268	16.09			5.0		28.865	0.2	34	5	19	0	2.12.0	2026-09-26T06:11:10+08:00
8PVZ_1	af2_nomsa	alphafold2_ptm	20260925	ok		148	135	0.183	0.151	0.268	0.413	0.2852	11.557			5.0		43.482	0.31	4	0	11	0	2.12.0	2026-09-26T06:11:12+08:00
8QKY_1	af2_nomsa	alphafold2_ptm	20260925	ok		148	134	0.06	0.042	0.137	0.1623	0.1063	15.966			5.0		31.345	0.22	4	1	16	0	2.12.0	2026-09-26T06:11:14+08:00
7H47_1	af2_nomsa	alphafold2_ptm	20260925	ok		150	140	0.24	0.173	0.347	0.1589	0.0929	16.131			5.0		38.733	0.32	4	0	13	0	2.12.0	2026-09-26T06:11:17+08:00
8JYI_1	af2_nomsa	alphafold2_ptm	20260925	ok		151	144	0.325	0.241	0.336	0.2309	0.151	19.148			5.0		35.374	0.25	11	1	10	0	2.12.0	2026-09-26T06:11:19+08:00
8KAA_1	af2_nomsa	alphafold2_ptm	20260925	ok		151	130	0.17	0.115	0.29	0.4077	0.3154	12.42			5.0		38.835	0.42	4	1	24	0	2.12.0	2026-09-26T06:11:21+08:00
32OA_1	af2_nomsa	alphafold2_ptm	20260925	ok		152	150	0.253	0.142	0.288	0.1633	0.1117	17.561			5.0		30.617	0.25	22	2	17	0	2.12.0	2026-09-26T06:11:24+08:00
8PYV_1	af2_nomsa	alphafold2_ptm	20260925	ok		152	146	0.431	0.362	0.423	0.3493	0.2226	11.948			5.0		53.843	0.32	0	1	7	0	2.12.0	2026-09-26T06:11:26+08:00
8PYW_1	af2_nomsa	alphafold2_ptm	20260925	ok		152	152	0.041	0.027	0.089	0.3191	0.227	17.852			5.0		38.92	0.4	7	0	15	0	2.12.0	2026-09-26T06:11:28+08:00
22LX_1	af2_nomsa	alphafold2_ptm	20260925	ok		153	146	0.85	0.756	0.872	0.8202	0.6421	2.652			5.0		81.57	0.78	14	0	3	0	2.12.0	2026-09-26T06:11:33+08:00
32QT_1	af2_nomsa	alphafold2_ptm	20260925	ok		153	153	0.293	0.173	0.321	0.2239	0.1307	16.869			5.0		28.403	0.2	35	1	23	0	2.12.0	2026-09-26T06:11:35+08:00
8RYS_1	af2_nomsa	alphafold2_ptm	20260925	ok		153	150	0.259	0.076	0.28	0.1867	0.1017	17.702			5.0		28.065	0.19	169	9	27	0	2.12.0	2026-09-26T06:11:38+08:00
8T5A_1	af2_nomsa	alphafold2_ptm	20260925	ok		153	132	0.415	0.282	0.391	0.3011	0.197	13.95			5.0		33.82	0.26	2	3	18	0	2.12.0	2026-09-26T06:11:40+08:00
8PQR_1	af2_nomsa	alphafold2_ptm	20260925	ok		154	154	0.069	0.05	0.148	0.276	0.1818	15.084			5.0		43.676	0.37	2	0	7	0	2.12.0	2026-09-26T06:11:42+08:00
8Q6M_1	af2_nomsa	alphafold2_ptm	20260925	ok		154	153	0.178	0.12	0.308	0.3905	0.2337	10.477			5.0		36.6	0.3	4	1	25	0	2.12.0	2026-09-26T06:11:46+08:00
10DA_1	af2_nomsa	alphafold2_ptm	20260925	ok		155	145	0.078	0.062	0.106	0.2257	0.1719	15.771			5.0		36.606	0.28	2	0	8	0	2.12.0	2026-09-26T06:11:49+08:00
8KHU_1	af2_nomsa	alphafold2_ptm	20260925	ok		155	141	0.076	0.063	0.11	0.5337	0.4007	12.839			5.0		53.578	0.46	6	0	7	0	2.12.0	2026-09-26T06:11:52+08:00
10UT_1	af2_nomsa	alphafold2_ptm	20260925	ok		156	137	0.148	0.104	0.333	0.2774	0.1916	17.086			5.0		48.626	0.47	9	2	18	0	2.12.0	2026-09-26T06:11:57+08:00
8JUC_1	af2_nomsa	alphafold2_ptm	20260925	ok		156	152	0.344	0.27	0.338	0.2434	0.1595	14.86			5.0		33.351	0.21	8	0	7	0	2.12.0	2026-09-26T06:12:00+08:00
8T7K_1	af2_nomsa	alphafold2_ptm	20260925	ok		156	156	0.265	0.177	0.346	0.1795	0.1234	17.639			5.0		35.347	0.3	4	0	19	0	2.12.0	2026-09-26T06:12:02+08:00
8PX5_1	af2_nomsa	alphafold2_ptm	20260925	ok		157	152	0.253	0.155	0.223	0.1628	0.1086	17.508			5.0		27.697	0.21	4	0	28	0	2.12.0	2026-09-26T06:12:05+08:00
26JK_1	af2_nomsa	alphafold2_ptm	20260925	ok		158	158	0.356	0.272	0.42	0.3022	0.1962	16.143			5.0		45.221	0.52	6	2	11	0	2.12.0	2026-09-26T06:12:07+08:00
8RIJ_1	af2_nomsa	alphafold2_ptm	20260925	ok		158	158	0.268	0.16	0.292	0.1804	0.1282	17.288			5.0		30.278	0.26	6	1	21	0	2.12.0	2026-09-26T06:12:11+08:00
10UW_1	af2_nomsa	alphafold2_ptm	20260925	ok		160	146	0.077	0.051	0.136	0.3134	0.1764	12.049			5.0		36.396	0.34	8	1	12	0	2.12.0	2026-09-26T06:12:13+08:00
8K6G_1	af2_nomsa	alphafold2_ptm	20260925	ok		160	156	0.026	0.021	0.037	0.2228	0.1699	17.833			5.0		40.52	0.34	12	0	3	0	2.12.0	2026-09-26T06:12:18+08:00
8QFU_1	af2_nomsa	alphafold2_ptm	20260925	ok		160	133	0.047	0.022	0.108	0.1579	0.0902	17.77			5.0		29.978	0.3	11	0	29	0	2.12.0	2026-09-26T06:12:25+08:00
13EE_1	af2_nomsa	alphafold2_ptm	20260925	ok		161	148	0.164	0.114	0.246	0.2956	0.1875	13.661			5.0		37.111	0.3	12	0	14	0	2.12.0	2026-09-26T06:12:29+08:00
28DB_1	af2_nomsa	alphafold2_ptm	20260925	ok		161	136	0.201	0.141	0.282	0.3989	0.2647	11.009			5.0		40.903	0.31	6	0	16	0	2.12.0	2026-09-26T06:12:32+08:00
8QIY_1	af2_nomsa	alphafold2_ptm	20260925	ok		162	157	0.094	0.072	0.114	0.1879	0.1242	18.456			5.0		32.82	0.24	16	1	17	0	2.12.0	2026-09-26T06:12:34+08:00
8K4I_1	af2_nomsa	alphafold2_ptm	20260925	ok		163	163	0.741	0.614	0.535	0.5031	0.3696	7.761			5.0		70.708	0.49	4	2	4	0	2.12.0	2026-09-26T06:12:37+08:00
8Q4E_1	af2_nomsa	alphafold2_ptm	20260925	ok		165	131	0.07	0.049	0.126	0.1783	0.124	16.408			5.0		32.372	0.24	9	0	15	0	2.12.0	2026-09-26T06:12:39+08:00
8QX6_1	af2_nomsa	alphafold2_ptm	20260925	ok		165	165	0.257	0.206	0.367	0.4939	0.2879	6.706			5.0		55.561	0.56	4	1	7	0	2.12.0	2026-09-26T06:12:43+08:00
8R5N_1	af2_nomsa	alphafold2_ptm	20260925	ok		165	165	0.124	0.085	0.171	0.1409	0.1045	21.419	0.2135		5.0	11	32.823	0.24	4	1	14	0	2.12.0	2026-09-26T06:12:45+08:00
27AA_1	af2_nomsa	alphafold2_ptm	20260925	ok		166	166	0.052	0.034	0.112	0.1672	0.1099	16.295			5.0		31.945	0.23	27	0	17	0	2.12.0	2026-09-26T06:12:48+08:00
8PAQ_1	af2_nomsa	alphafold2_ptm	20260925	ok		166	159	0.212	0.17	0.281	0.423	0.2783	9.001			5.0		43.034	0.39	4	0	11	0	2.12.0	2026-09-26T06:12:52+08:00
10UX_1	af2_nomsa	alphafold2_ptm	20260925	ok		167	149	0.061	0.033	0.122	0.1837	0.0969	18.613			5.0		31.093	0.23	58	0	14	0	2.12.0	2026-09-26T06:12:55+08:00
8QZV_1	af2_nomsa	alphafold2_ptm	20260925	ok		167	137	0.436	0.294	0.402	0.292	0.188	13.963			5.0		36.6	0.32	14	1	14	0	2.12.0	2026-09-26T06:13:00+08:00
8R2C_1	af2_nomsa	alphafold2_ptm	20260925	ok		169	169	0.238	0.163	0.276	0.1598	0.1065	19.327			5.0		32.493	0.26	28	0	13	0	2.12.0	2026-09-26T06:13:02+08:00
26AO_1	af2_nomsa	alphafold2_ptm	20260925	ok		170	170	0.138	0.09	0.237	0.2367	0.1583	17.429			5.0		30.029	0.28	19	1	19	0	2.12.0	2026-09-26T06:13:04+08:00
26RW_1	af2_nomsa	alphafold2_ptm	20260925	ok		170	155	0.514	0.437	0.654	0.5274	0.3452	9.44			5.0		53.114	0.5	0	0	8	0	2.12.0	2026-09-26T06:13:08+08:00
8Q6U_1	af2_nomsa	alphafold2_ptm	20260925	ok		170	165	0.125	0.078	0.175	0.1636	0.1091	19.043			5.0		36.596	0.33	4	1	13	0	2.12.0	2026-09-26T06:13:10+08:00
8RDD_1	af2_nomsa	alphafold2_ptm	20260925	ok		170	164	0.275	0.205	0.292	0.1702	0.1273	19.584			5.0		35.209	0.3	10	0	13	0	2.12.0	2026-09-26T06:13:13+08:00
8RRY_1	af2_nomsa	alphafold2_ptm	20260925	ok		170	170	0.096	0.044	0.169	0.1456	0.0824	18.33			5.0		28.233	0.24	63	0	25	0	2.12.0	2026-09-26T06:13:15+08:00
8RHR_1	af2_nomsa	alphafold2_ptm	20260925	ok		171	168	0.321	0.245	0.306	0.2054	0.1473	16.282			5.0		34.974	0.28	2	1	11	0	2.12.0	2026-09-26T06:13:18+08:00
10FS_1	af2_nomsa	alphafold2_ptm	20260925	ok		172	172	0.314	0.242	0.37	0.2616	0.1701	16.253			5.0		30.646	0.24	2	1	8	0	2.12.0	2026-09-26T06:13:20+08:00
24MP_1	af2_nomsa	alphafold2_ptm	20260925	ok		173	167	0.146	0.098	0.223	0.2231	0.1482	16.467			5.0		37.62	0.34	8	1	14	0	2.12.0	2026-09-26T06:13:22+08:00
30JI_1	af2_nomsa	alphafold2_ptm	20260925	ok		173	173	0.288	0.202	0.346	0.1951	0.1199	17.667	0.2425		5.0	24	32.822	0.26	2	0	12	0	2.12.0	2026-09-26T06:13:25+08:00
7HI9_1	af2_nomsa	alphafold2_ptm	20260925	ok		173	171	0.226	0.15	0.292	0.1594	0.0906	20.285			5.0		31.721	0.23	6	0	19	0	2.12.0	2026-09-26T06:13:28+08:00
21LR_1	af2_nomsa	alphafold2_ptm	20260925	ok		174	173	0.337	0.255	0.378	0.2312	0.1546	20.354			5.0		36.682	0.26	2	0	15	0	2.12.0	2026-09-26T06:13:30+08:00
8JQU_1	af2_nomsa	alphafold2_ptm	20260925	ok		175	164	0.313	0.188	0.428	0.2927	0.1662	9.515	0.2058		5.0	30	34.446	0.32	7	3	18	0	2.12.0	2026-09-26T06:13:32+08:00
8K84_1	af2_nomsa	alphafold2_ptm	20260925	ok		177	173	0.461	0.415	0.498	0.9884	0.8829	0.586			5.0		94.107	0.9	2	0	0	0	2.12.0	2026-09-26T06:13:34+08:00
8QX5_1	af2_nomsa	alphafold2_ptm	20260925	ok		177	158	0.169	0.135	0.189	0.231	0.1788	19.546	0.3387		5.0	31	37.232	0.3	8	0	14	0	2.12.0	2026-09-26T06:13:37+08:00
8S48_1	af2_nomsa	alphafold2_ptm	20260925	ok		178	156	0.153	0.111	0.23	0.3365	0.2452	16.597			5.0		34.549	0.32	23	0	20	0	2.12.0	2026-09-26T06:13:40+08:00
10CX_1	af2_nomsa	alphafold2_ptm	20260925	ok		179	179	0.34	0.254	0.391	0.2765	0.1788	18.362			5.0		33.101	0.25	2	0	18	0	2.12.0	2026-09-26T06:13:42+08:00
8POR_1	af2_nomsa	alphafold2_ptm	20260925	ok		179	164	0.391	0.278	0.426	0.3236	0.1963	15.0	0.283		5.0	21	34.93	0.3	6	0	22	0	2.12.0	2026-09-26T06:13:44+08:00
8R3N_1	af2_nomsa	alphafold2_ptm	20260925	ok		179	178	0.127	0.078	0.167	0.1756	0.111	15.45			5.0		34.675	0.3	12	1	20	0	2.12.0	2026-09-26T06:13:47+08:00
